ISO-10303-21;
HEADER;
/* Generated by software containing ST-Developer
 * from STEP Tools, Inc. (www.steptools.com) 
 */
/* OPTION: using custom renumber hook */

FILE_DESCRIPTION(
/* description */ ('STEP AP242 Edition 2',
'CAx-IF Rec.Pracs.---Representation and Presentation of Product Manufa
cturing Information (PMI)---4.0---2014-10-13',
'CAx-IF Rec.Pracs.---3D Tessellated Geometry---0.4---2014-09-14','2;1',
'CAx-IF Rec.Pracs.---User Defined Attributes---1.5---2016-08-15'),
/* implementation_level */ '2;1');

FILE_NAME(
/* name */ 'Base',
/* time_stamp */ '2026-07-29T14:41:32Z',
/* author */ (''),
/* organization */ (''),
/* preprocessor_version */ 'ST-DEVELOPER v20',
/* originating_system */ 'ONSHAPE BY PTC INC, 1.218',
/* authorisation */ '  ');

FILE_SCHEMA (('AP242_MANAGED_MODEL_BASED_3D_ENGINEERING_MIM_LF { 1 0 10303 442 3 1 4 }'));
ENDSEC;

DATA;
#10=SHAPE_REPRESENTATION_RELATIONSHIP('','',#1484,#11);
#11=ADVANCED_BREP_SHAPE_REPRESENTATION('',(#1482),#2433);
#12=PLANE('',#1523);
#13=PLANE('',#1524);
#14=PLANE('',#1525);
#15=PLANE('',#1526);
#16=PLANE('',#1527);
#17=PLANE('',#1528);
#18=PLANE('',#1529);
#19=PLANE('',#1530);
#20=PLANE('',#1531);
#21=PLANE('',#1532);
#22=PLANE('',#1533);
#23=PLANE('',#1534);
#24=PLANE('',#1535);
#25=PLANE('',#1536);
#26=PLANE('',#1537);
#27=PLANE('',#1538);
#28=PLANE('',#1539);
#29=PLANE('',#1540);
#30=PLANE('',#1541);
#31=PLANE('',#1542);
#32=PLANE('',#1543);
#33=PLANE('',#1544);
#34=PLANE('',#1545);
#35=PLANE('',#1546);
#36=PLANE('',#1547);
#37=PLANE('',#1548);
#38=PLANE('',#1549);
#39=PLANE('',#1550);
#40=PLANE('',#1551);
#41=PLANE('',#1552);
#42=PLANE('',#1553);
#43=PLANE('',#1554);
#44=PLANE('',#1555);
#45=PLANE('',#1556);
#46=PLANE('',#1557);
#47=PLANE('',#1559);
#48=PLANE('',#1562);
#49=PLANE('',#1563);
#50=PLANE('',#1564);
#51=PLANE('',#1565);
#52=PLANE('',#1566);
#53=PLANE('',#1567);
#54=PLANE('',#1568);
#55=PLANE('',#1569);
#56=PLANE('',#1570);
#57=PLANE('',#1571);
#58=PLANE('',#1572);
#59=PLANE('',#1573);
#60=PLANE('',#1574);
#61=PLANE('',#1575);
#62=PLANE('',#1576);
#63=PLANE('',#1577);
#64=PLANE('',#1578);
#65=PLANE('',#1579);
#66=PLANE('',#1580);
#67=PLANE('',#1581);
#68=PLANE('',#1582);
#69=PLANE('',#1583);
#70=PLANE('',#1584);
#71=PLANE('',#1585);
#72=PLANE('',#1587);
#73=PLANE('',#1589);
#74=LINE('',#1987,#242);
#75=LINE('',#2003,#243);
#76=LINE('',#2013,#244);
#77=LINE('',#2017,#245);
#78=LINE('',#2021,#246);
#79=LINE('',#2025,#247);
#80=LINE('',#2029,#248);
#81=LINE('',#2033,#249);
#82=LINE('',#2037,#250);
#83=LINE('',#2041,#251);
#84=LINE('',#2045,#252);
#85=LINE('',#2049,#253);
#86=LINE('',#2053,#254);
#87=LINE('',#2057,#255);
#88=LINE('',#2061,#256);
#89=LINE('',#2065,#257);
#90=LINE('',#2069,#258);
#91=LINE('',#2073,#259);
#92=LINE('',#2075,#260);
#93=LINE('',#2080,#261);
#94=LINE('',#2086,#262);
#95=LINE('',#2090,#263);
#96=LINE('',#2098,#264);
#97=LINE('',#2102,#265);
#98=LINE('',#2103,#266);
#99=LINE('',#2108,#267);
#100=LINE('',#2114,#268);
#101=LINE('',#2118,#269);
#102=LINE('',#2122,#270);
#103=LINE('',#2126,#271);
#104=LINE('',#2136,#272);
#105=LINE('',#2152,#273);
#106=LINE('',#2160,#274);
#107=LINE('',#2161,#275);
#108=LINE('',#2162,#276);
#109=LINE('',#2163,#277);
#110=LINE('',#2164,#278);
#111=LINE('',#2165,#279);
#112=LINE('',#2166,#280);
#113=LINE('',#2168,#281);
#114=LINE('',#2170,#282);
#115=LINE('',#2171,#283);
#116=LINE('',#2172,#284);
#117=LINE('',#2173,#285);
#118=LINE('',#2174,#286);
#119=LINE('',#2176,#287);
#120=LINE('',#2179,#288);
#121=LINE('',#2181,#289);
#122=LINE('',#2183,#290);
#123=LINE('',#2185,#291);
#124=LINE('',#2188,#292);
#125=LINE('',#2190,#293);
#126=LINE('',#2192,#294);
#127=LINE('',#2194,#295);
#128=LINE('',#2197,#296);
#129=LINE('',#2199,#297);
#130=LINE('',#2201,#298);
#131=LINE('',#2203,#299);
#132=LINE('',#2206,#300);
#133=LINE('',#2208,#301);
#134=LINE('',#2210,#302);
#135=LINE('',#2212,#303);
#136=LINE('',#2214,#304);
#137=LINE('',#2216,#305);
#138=LINE('',#2217,#306);
#139=LINE('',#2219,#307);
#140=LINE('',#2221,#308);
#141=LINE('',#2223,#309);
#142=LINE('',#2225,#310);
#143=LINE('',#2227,#311);
#144=LINE('',#2229,#312);
#145=LINE('',#2231,#313);
#146=LINE('',#2234,#314);
#147=LINE('',#2236,#315);
#148=LINE('',#2238,#316);
#149=LINE('',#2240,#317);
#150=LINE('',#2243,#318);
#151=LINE('',#2245,#319);
#152=LINE('',#2247,#320);
#153=LINE('',#2249,#321);
#154=LINE('',#2252,#322);
#155=LINE('',#2253,#323);
#156=LINE('',#2255,#324);
#157=LINE('',#2257,#325);
#158=LINE('',#2258,#326);
#159=LINE('',#2260,#327);
#160=LINE('',#2262,#328);
#161=LINE('',#2264,#329);
#162=LINE('',#2266,#330);
#163=LINE('',#2268,#331);
#164=LINE('',#2270,#332);
#165=LINE('',#2272,#333);
#166=LINE('',#2275,#334);
#167=LINE('',#2277,#335);
#168=LINE('',#2279,#336);
#169=LINE('',#2281,#337);
#170=LINE('',#2283,#338);
#171=LINE('',#2284,#339);
#172=LINE('',#2286,#340);
#173=LINE('',#2288,#341);
#174=LINE('',#2289,#342);
#175=LINE('',#2290,#343);
#176=LINE('',#2292,#344);
#177=LINE('',#2294,#345);
#178=LINE('',#2295,#346);
#179=LINE('',#2297,#347);
#180=LINE('',#2299,#348);
#181=LINE('',#2301,#349);
#182=LINE('',#2303,#350);
#183=LINE('',#2305,#351);
#184=LINE('',#2307,#352);
#185=LINE('',#2308,#353);
#186=LINE('',#2312,#354);
#187=LINE('',#2313,#355);
#188=LINE('',#2317,#356);
#189=LINE('',#2318,#357);
#190=LINE('',#2322,#358);
#191=LINE('',#2323,#359);
#192=LINE('',#2327,#360);
#193=LINE('',#2328,#361);
#194=LINE('',#2330,#362);
#195=LINE('',#2332,#363);
#196=LINE('',#2334,#364);
#197=LINE('',#2336,#365);
#198=LINE('',#2338,#366);
#199=LINE('',#2339,#367);
#200=LINE('',#2341,#368);
#201=LINE('',#2343,#369);
#202=LINE('',#2344,#370);
#203=LINE('',#2346,#371);
#204=LINE('',#2349,#372);
#205=LINE('',#2350,#373);
#206=LINE('',#2357,#374);
#207=LINE('',#2360,#375);
#208=LINE('',#2362,#376);
#209=LINE('',#2364,#377);
#210=LINE('',#2366,#378);
#211=LINE('',#2367,#379);
#212=LINE('',#2369,#380);
#213=LINE('',#2370,#381);
#214=LINE('',#2373,#382);
#215=LINE('',#2376,#383);
#216=LINE('',#2378,#384);
#217=LINE('',#2380,#385);
#218=LINE('',#2382,#386);
#219=LINE('',#2383,#387);
#220=LINE('',#2385,#388);
#221=LINE('',#2386,#389);
#222=LINE('',#2389,#390);
#223=LINE('',#2390,#391);
#224=LINE('',#2392,#392);
#225=LINE('',#2393,#393);
#226=LINE('',#2396,#394);
#227=LINE('',#2397,#395);
#228=LINE('',#2399,#396);
#229=LINE('',#2400,#397);
#230=LINE('',#2407,#398);
#231=LINE('',#2409,#399);
#232=LINE('',#2411,#400);
#233=LINE('',#2413,#401);
#234=LINE('',#2415,#402);
#235=LINE('',#2417,#403);
#236=LINE('',#2420,#404);
#237=LINE('',#2421,#405);
#238=LINE('',#2423,#406);
#239=LINE('',#2425,#407);
#240=LINE('',#2427,#408);
#241=LINE('',#2429,#409);
#242=VECTOR('',#1600,1.);
#243=VECTOR('',#1603,1.);
#244=VECTOR('',#1606,1.);
#245=VECTOR('',#1609,1.);
#246=VECTOR('',#1612,1.);
#247=VECTOR('',#1615,1.);
#248=VECTOR('',#1618,1.);
#249=VECTOR('',#1621,1.);
#250=VECTOR('',#1624,1.);
#251=VECTOR('',#1627,1.);
#252=VECTOR('',#1630,1.);
#253=VECTOR('',#1633,1.);
#254=VECTOR('',#1636,1.);
#255=VECTOR('',#1639,1.);
#256=VECTOR('',#1642,1.);
#257=VECTOR('',#1645,1.);
#258=VECTOR('',#1648,1.);
#259=VECTOR('',#1651,1.);
#260=VECTOR('',#1654,1.);
#261=VECTOR('',#1657,1.);
#262=VECTOR('',#1662,1.);
#263=VECTOR('',#1665,1.);
#264=VECTOR('',#1672,1.);
#265=VECTOR('',#1675,1.);
#266=VECTOR('',#1676,1.);
#267=VECTOR('',#1679,1.);
#268=VECTOR('',#1684,1.);
#269=VECTOR('',#1687,1.);
#270=VECTOR('',#1690,1.);
#271=VECTOR('',#1693,1.);
#272=VECTOR('',#1696,1.);
#273=VECTOR('',#1699,1.);
#274=VECTOR('',#1702,1.);
#275=VECTOR('',#1703,1.);
#276=VECTOR('',#1704,1.);
#277=VECTOR('',#1705,1.);
#278=VECTOR('',#1706,1.);
#279=VECTOR('',#1707,1.);
#280=VECTOR('',#1708,1.);
#281=VECTOR('',#1709,1.);
#282=VECTOR('',#1710,1.);
#283=VECTOR('',#1711,1.);
#284=VECTOR('',#1712,1.);
#285=VECTOR('',#1713,1.);
#286=VECTOR('',#1714,1.);
#287=VECTOR('',#1717,1.);
#288=VECTOR('',#1718,1.);
#289=VECTOR('',#1719,1.);
#290=VECTOR('',#1720,1.);
#291=VECTOR('',#1723,1.);
#292=VECTOR('',#1724,1.);
#293=VECTOR('',#1725,1.);
#294=VECTOR('',#1726,1.);
#295=VECTOR('',#1729,1.);
#296=VECTOR('',#1730,1.);
#297=VECTOR('',#1731,1.);
#298=VECTOR('',#1732,1.);
#299=VECTOR('',#1735,1.);
#300=VECTOR('',#1736,1.);
#301=VECTOR('',#1737,1.);
#302=VECTOR('',#1738,1.);
#303=VECTOR('',#1741,1.);
#304=VECTOR('',#1742,1.);
#305=VECTOR('',#1743,1.);
#306=VECTOR('',#1744,1.);
#307=VECTOR('',#1745,1.);
#308=VECTOR('',#1746,1.);
#309=VECTOR('',#1747,1.);
#310=VECTOR('',#1748,1.);
#311=VECTOR('',#1749,1.);
#312=VECTOR('',#1750,1.);
#313=VECTOR('',#1753,1.);
#314=VECTOR('',#1754,1.);
#315=VECTOR('',#1755,1.);
#316=VECTOR('',#1756,1.);
#317=VECTOR('',#1759,1.);
#318=VECTOR('',#1760,1.);
#319=VECTOR('',#1761,1.);
#320=VECTOR('',#1762,1.);
#321=VECTOR('',#1765,1.);
#322=VECTOR('',#1766,1.);
#323=VECTOR('',#1767,1.);
#324=VECTOR('',#1768,1.);
#325=VECTOR('',#1769,1.);
#326=VECTOR('',#1770,1.);
#327=VECTOR('',#1771,1.);
#328=VECTOR('',#1772,1.);
#329=VECTOR('',#1773,1.);
#330=VECTOR('',#1774,1.);
#331=VECTOR('',#1777,1.);
#332=VECTOR('',#1778,1.);
#333=VECTOR('',#1779,1.);
#334=VECTOR('',#1784,1.);
#335=VECTOR('',#1785,1.);
#336=VECTOR('',#1786,1.);
#337=VECTOR('',#1787,1.);
#338=VECTOR('',#1788,1.);
#339=VECTOR('',#1789,1.);
#340=VECTOR('',#1790,1.);
#341=VECTOR('',#1791,1.);
#342=VECTOR('',#1792,1.);
#343=VECTOR('',#1793,1.);
#344=VECTOR('',#1794,1.);
#345=VECTOR('',#1795,1.);
#346=VECTOR('',#1796,1.);
#347=VECTOR('',#1797,1.);
#348=VECTOR('',#1798,1.);
#349=VECTOR('',#1801,1.);
#350=VECTOR('',#1802,1.);
#351=VECTOR('',#1803,1.);
#352=VECTOR('',#1806,1.);
#353=VECTOR('',#1807,1.);
#354=VECTOR('',#1814,1.);
#355=VECTOR('',#1815,1.);
#356=VECTOR('',#1822,1.);
#357=VECTOR('',#1823,1.);
#358=VECTOR('',#1830,1.);
#359=VECTOR('',#1831,1.);
#360=VECTOR('',#1838,1.);
#361=VECTOR('',#1839,1.);
#362=VECTOR('',#1842,1.);
#363=VECTOR('',#1845,1.);
#364=VECTOR('',#1848,1.);
#365=VECTOR('',#1849,1.);
#366=VECTOR('',#1852,1.);
#367=VECTOR('',#1853,1.);
#368=VECTOR('',#1856,1.);
#369=VECTOR('',#1859,1.);
#370=VECTOR('',#1860,1.);
#371=VECTOR('',#1861,1.);
#372=VECTOR('',#1866,1.);
#373=VECTOR('',#1867,1.);
#374=VECTOR('',#1880,1.);
#375=VECTOR('',#1881,1.);
#376=VECTOR('',#1882,1.);
#377=VECTOR('',#1883,1.);
#378=VECTOR('',#1886,1.);
#379=VECTOR('',#1887,1.);
#380=VECTOR('',#1890,1.);
#381=VECTOR('',#1891,1.);
#382=VECTOR('',#1896,1.);
#383=VECTOR('',#1897,1.);
#384=VECTOR('',#1898,1.);
#385=VECTOR('',#1899,1.);
#386=VECTOR('',#1902,1.);
#387=VECTOR('',#1903,1.);
#388=VECTOR('',#1906,1.);
#389=VECTOR('',#1907,1.);
#390=VECTOR('',#1912,1.);
#391=VECTOR('',#1913,1.);
#392=VECTOR('',#1916,1.);
#393=VECTOR('',#1917,1.);
#394=VECTOR('',#1922,1.);
#395=VECTOR('',#1923,1.);
#396=VECTOR('',#1926,1.);
#397=VECTOR('',#1927,1.);
#398=VECTOR('',#1940,1.);
#399=VECTOR('',#1943,1.);
#400=VECTOR('',#1944,1.);
#401=VECTOR('',#1947,1.);
#402=VECTOR('',#1948,1.);
#403=VECTOR('',#1951,1.);
#404=VECTOR('',#1956,1.);
#405=VECTOR('',#1957,1.);
#406=VECTOR('',#1960,1.);
#407=VECTOR('',#1963,1.);
#408=VECTOR('',#1966,1.);
#409=VECTOR('',#1969,1.);
#410=B_SPLINE_CURVE_WITH_KNOTS('',3,(#1981,#1982,#1983,#1984,#1985),
 .UNSPECIFIED.,.F.,.F.,(4,1,4),(3.97877085560276E-17,0.00131509748558233,
0.00263019497116463),.UNSPECIFIED.);
#411=B_SPLINE_CURVE_WITH_KNOTS('',3,(#1989,#1990,#1991,#1992,#1993),
 .UNSPECIFIED.,.F.,.F.,(4,1,4),(0.,0.00131509760815184,0.00263019521630368),
 .UNSPECIFIED.);
#412=B_SPLINE_CURVE_WITH_KNOTS('',3,(#1997,#1998,#1999,#2000,#2001),
 .UNSPECIFIED.,.F.,.F.,(4,1,4),(0.,0.0013150974855823,0.0026301949711646),
 .UNSPECIFIED.);
#413=B_SPLINE_CURVE_WITH_KNOTS('',3,(#2005,#2006,#2007,#2008,#2009),
 .UNSPECIFIED.,.F.,.F.,(4,1,4),(0.,0.00131509760815185,0.0026301952163037),
 .UNSPECIFIED.);
#414=B_SPLINE_CURVE_WITH_KNOTS('',3,(#2130,#2131,#2132,#2133,#2134),
 .UNSPECIFIED.,.F.,.F.,(4,1,4),(0.,0.00131452894346482,0.00262905788692965),
 .UNSPECIFIED.);
#415=B_SPLINE_CURVE_WITH_KNOTS('',3,(#2138,#2139,#2140,#2141,#2142),
 .UNSPECIFIED.,.F.,.F.,(4,1,4),(0.,0.00131452878024146,0.00262905756048292),
 .UNSPECIFIED.);
#416=B_SPLINE_CURVE_WITH_KNOTS('',3,(#2146,#2147,#2148,#2149,#2150),
 .UNSPECIFIED.,.F.,.F.,(4,1,4),(0.,0.00131452894346483,0.00262905788692966),
 .UNSPECIFIED.);
#417=B_SPLINE_CURVE_WITH_KNOTS('',3,(#2154,#2155,#2156,#2157,#2158),
 .UNSPECIFIED.,.F.,.F.,(4,1,4),(0.,0.00131452878024148,0.00262905756048295),
 .UNSPECIFIED.);
#418=ORIENTED_EDGE('',*,*,#844,.T.);
#419=ORIENTED_EDGE('',*,*,#845,.F.);
#420=ORIENTED_EDGE('',*,*,#846,.T.);
#421=ORIENTED_EDGE('',*,*,#847,.F.);
#422=ORIENTED_EDGE('',*,*,#848,.T.);
#423=ORIENTED_EDGE('',*,*,#849,.F.);
#424=ORIENTED_EDGE('',*,*,#850,.T.);
#425=ORIENTED_EDGE('',*,*,#851,.T.);
#426=ORIENTED_EDGE('',*,*,#852,.T.);
#427=ORIENTED_EDGE('',*,*,#853,.F.);
#428=ORIENTED_EDGE('',*,*,#854,.F.);
#429=ORIENTED_EDGE('',*,*,#855,.T.);
#430=ORIENTED_EDGE('',*,*,#856,.F.);
#431=ORIENTED_EDGE('',*,*,#857,.F.);
#432=ORIENTED_EDGE('',*,*,#858,.T.);
#433=ORIENTED_EDGE('',*,*,#859,.T.);
#434=ORIENTED_EDGE('',*,*,#860,.T.);
#435=ORIENTED_EDGE('',*,*,#861,.F.);
#436=ORIENTED_EDGE('',*,*,#862,.T.);
#437=ORIENTED_EDGE('',*,*,#863,.F.);
#438=ORIENTED_EDGE('',*,*,#864,.F.);
#439=ORIENTED_EDGE('',*,*,#865,.T.);
#440=ORIENTED_EDGE('',*,*,#866,.T.);
#441=ORIENTED_EDGE('',*,*,#867,.F.);
#442=ORIENTED_EDGE('',*,*,#868,.T.);
#443=ORIENTED_EDGE('',*,*,#869,.F.);
#444=ORIENTED_EDGE('',*,*,#870,.T.);
#445=ORIENTED_EDGE('',*,*,#871,.T.);
#446=ORIENTED_EDGE('',*,*,#872,.F.);
#447=ORIENTED_EDGE('',*,*,#873,.F.);
#448=ORIENTED_EDGE('',*,*,#874,.T.);
#449=ORIENTED_EDGE('',*,*,#875,.F.);
#450=ORIENTED_EDGE('',*,*,#876,.T.);
#451=ORIENTED_EDGE('',*,*,#877,.F.);
#452=ORIENTED_EDGE('',*,*,#878,.F.);
#453=ORIENTED_EDGE('',*,*,#879,.T.);
#454=ORIENTED_EDGE('',*,*,#880,.F.);
#455=ORIENTED_EDGE('',*,*,#881,.F.);
#456=ORIENTED_EDGE('',*,*,#882,.T.);
#457=ORIENTED_EDGE('',*,*,#883,.T.);
#458=ORIENTED_EDGE('',*,*,#884,.T.);
#459=ORIENTED_EDGE('',*,*,#885,.F.);
#460=ORIENTED_EDGE('',*,*,#886,.F.);
#461=ORIENTED_EDGE('',*,*,#887,.T.);
#462=ORIENTED_EDGE('',*,*,#888,.T.);
#463=ORIENTED_EDGE('',*,*,#889,.F.);
#464=ORIENTED_EDGE('',*,*,#890,.F.);
#465=ORIENTED_EDGE('',*,*,#891,.T.);
#466=ORIENTED_EDGE('',*,*,#892,.F.);
#467=ORIENTED_EDGE('',*,*,#893,.T.);
#468=ORIENTED_EDGE('',*,*,#894,.F.);
#469=ORIENTED_EDGE('',*,*,#895,.T.);
#470=ORIENTED_EDGE('',*,*,#896,.T.);
#471=ORIENTED_EDGE('',*,*,#897,.F.);
#472=ORIENTED_EDGE('',*,*,#898,.T.);
#473=ORIENTED_EDGE('',*,*,#899,.T.);
#474=ORIENTED_EDGE('',*,*,#900,.T.);
#475=ORIENTED_EDGE('',*,*,#901,.T.);
#476=ORIENTED_EDGE('',*,*,#902,.F.);
#477=ORIENTED_EDGE('',*,*,#903,.F.);
#478=ORIENTED_EDGE('',*,*,#904,.F.);
#479=ORIENTED_EDGE('',*,*,#905,.T.);
#480=ORIENTED_EDGE('',*,*,#906,.F.);
#481=ORIENTED_EDGE('',*,*,#907,.F.);
#482=ORIENTED_EDGE('',*,*,#908,.F.);
#483=ORIENTED_EDGE('',*,*,#909,.T.);
#484=ORIENTED_EDGE('',*,*,#910,.T.);
#485=ORIENTED_EDGE('',*,*,#911,.F.);
#486=ORIENTED_EDGE('',*,*,#912,.F.);
#487=ORIENTED_EDGE('',*,*,#913,.F.);
#488=ORIENTED_EDGE('',*,*,#914,.F.);
#489=ORIENTED_EDGE('',*,*,#915,.T.);
#490=ORIENTED_EDGE('',*,*,#916,.F.);
#491=ORIENTED_EDGE('',*,*,#917,.T.);
#492=ORIENTED_EDGE('',*,*,#918,.F.);
#493=ORIENTED_EDGE('',*,*,#853,.T.);
#494=ORIENTED_EDGE('',*,*,#919,.T.);
#495=ORIENTED_EDGE('',*,*,#911,.T.);
#496=ORIENTED_EDGE('',*,*,#920,.F.);
#497=ORIENTED_EDGE('',*,*,#845,.T.);
#498=ORIENTED_EDGE('',*,*,#921,.T.);
#499=ORIENTED_EDGE('',*,*,#905,.F.);
#500=ORIENTED_EDGE('',*,*,#922,.T.);
#501=ORIENTED_EDGE('',*,*,#881,.T.);
#502=ORIENTED_EDGE('',*,*,#923,.T.);
#503=ORIENTED_EDGE('',*,*,#900,.F.);
#504=ORIENTED_EDGE('',*,*,#924,.T.);
#505=ORIENTED_EDGE('',*,*,#877,.T.);
#506=ORIENTED_EDGE('',*,*,#925,.F.);
#507=ORIENTED_EDGE('',*,*,#926,.F.);
#508=ORIENTED_EDGE('',*,*,#927,.F.);
#509=ORIENTED_EDGE('',*,*,#861,.T.);
#510=ORIENTED_EDGE('',*,*,#928,.T.);
#511=ORIENTED_EDGE('',*,*,#891,.F.);
#512=ORIENTED_EDGE('',*,*,#929,.T.);
#513=ORIENTED_EDGE('',*,*,#857,.T.);
#514=ORIENTED_EDGE('',*,*,#930,.T.);
#515=ORIENTED_EDGE('',*,*,#895,.F.);
#516=ORIENTED_EDGE('',*,*,#931,.T.);
#517=ORIENTED_EDGE('',*,*,#932,.F.);
#518=ORIENTED_EDGE('',*,*,#933,.T.);
#519=ORIENTED_EDGE('',*,*,#934,.T.);
#520=ORIENTED_EDGE('',*,*,#935,.F.);
#521=ORIENTED_EDGE('',*,*,#936,.T.);
#522=ORIENTED_EDGE('',*,*,#937,.T.);
#523=ORIENTED_EDGE('',*,*,#938,.F.);
#524=ORIENTED_EDGE('',*,*,#939,.F.);
#525=ORIENTED_EDGE('',*,*,#940,.F.);
#526=ORIENTED_EDGE('',*,*,#941,.T.);
#527=ORIENTED_EDGE('',*,*,#942,.T.);
#528=ORIENTED_EDGE('',*,*,#943,.F.);
#529=ORIENTED_EDGE('',*,*,#944,.F.);
#530=ORIENTED_EDGE('',*,*,#945,.T.);
#531=ORIENTED_EDGE('',*,*,#946,.T.);
#532=ORIENTED_EDGE('',*,*,#947,.F.);
#533=ORIENTED_EDGE('',*,*,#933,.F.);
#534=ORIENTED_EDGE('',*,*,#948,.T.);
#535=ORIENTED_EDGE('',*,*,#949,.F.);
#536=ORIENTED_EDGE('',*,*,#950,.F.);
#537=ORIENTED_EDGE('',*,*,#936,.F.);
#538=ORIENTED_EDGE('',*,*,#951,.T.);
#539=ORIENTED_EDGE('',*,*,#952,.F.);
#540=ORIENTED_EDGE('',*,*,#953,.F.);
#541=ORIENTED_EDGE('',*,*,#954,.F.);
#542=ORIENTED_EDGE('',*,*,#955,.T.);
#543=ORIENTED_EDGE('',*,*,#956,.F.);
#544=ORIENTED_EDGE('',*,*,#957,.F.);
#545=ORIENTED_EDGE('',*,*,#958,.F.);
#546=ORIENTED_EDGE('',*,*,#959,.T.);
#547=ORIENTED_EDGE('',*,*,#960,.T.);
#548=ORIENTED_EDGE('',*,*,#961,.F.);
#549=ORIENTED_EDGE('',*,*,#962,.F.);
#550=ORIENTED_EDGE('',*,*,#963,.T.);
#551=ORIENTED_EDGE('',*,*,#964,.T.);
#552=ORIENTED_EDGE('',*,*,#965,.F.);
#553=ORIENTED_EDGE('',*,*,#966,.T.);
#554=ORIENTED_EDGE('',*,*,#967,.T.);
#555=ORIENTED_EDGE('',*,*,#958,.T.);
#556=ORIENTED_EDGE('',*,*,#968,.F.);
#557=ORIENTED_EDGE('',*,*,#969,.T.);
#558=ORIENTED_EDGE('',*,*,#970,.T.);
#559=ORIENTED_EDGE('',*,*,#962,.T.);
#560=ORIENTED_EDGE('',*,*,#971,.F.);
#561=ORIENTED_EDGE('',*,*,#972,.F.);
#562=ORIENTED_EDGE('',*,*,#973,.T.);
#563=ORIENTED_EDGE('',*,*,#974,.T.);
#564=ORIENTED_EDGE('',*,*,#975,.F.);
#565=ORIENTED_EDGE('',*,*,#976,.F.);
#566=ORIENTED_EDGE('',*,*,#974,.F.);
#567=ORIENTED_EDGE('',*,*,#977,.T.);
#568=ORIENTED_EDGE('',*,*,#978,.T.);
#569=ORIENTED_EDGE('',*,*,#894,.T.);
#570=ORIENTED_EDGE('',*,*,#844,.F.);
#571=ORIENTED_EDGE('',*,*,#979,.F.);
#572=ORIENTED_EDGE('',*,*,#980,.T.);
#573=ORIENTED_EDGE('',*,*,#981,.T.);
#574=ORIENTED_EDGE('',*,*,#982,.T.);
#575=ORIENTED_EDGE('',*,*,#983,.F.);
#576=ORIENTED_EDGE('',*,*,#938,.T.);
#577=ORIENTED_EDGE('',*,*,#984,.T.);
#578=ORIENTED_EDGE('',*,*,#985,.T.);
#579=ORIENTED_EDGE('',*,*,#986,.F.);
#580=ORIENTED_EDGE('',*,*,#935,.T.);
#581=ORIENTED_EDGE('',*,*,#987,.T.);
#582=ORIENTED_EDGE('',*,*,#964,.F.);
#583=ORIENTED_EDGE('',*,*,#988,.F.);
#584=ORIENTED_EDGE('',*,*,#989,.F.);
#585=ORIENTED_EDGE('',*,*,#990,.T.);
#586=ORIENTED_EDGE('',*,*,#960,.F.);
#587=ORIENTED_EDGE('',*,*,#991,.F.);
#588=ORIENTED_EDGE('',*,*,#992,.F.);
#589=ORIENTED_EDGE('',*,*,#993,.T.);
#590=ORIENTED_EDGE('',*,*,#978,.F.);
#591=ORIENTED_EDGE('',*,*,#893,.F.);
#592=ORIENTED_EDGE('',*,*,#994,.F.);
#593=ORIENTED_EDGE('',*,*,#995,.F.);
#594=ORIENTED_EDGE('',*,*,#996,.F.);
#595=ORIENTED_EDGE('',*,*,#869,.T.);
#596=ORIENTED_EDGE('',*,*,#897,.T.);
#597=ORIENTED_EDGE('',*,*,#997,.F.);
#598=ORIENTED_EDGE('',*,*,#855,.F.);
#599=ORIENTED_EDGE('',*,*,#998,.F.);
#600=ORIENTED_EDGE('',*,*,#998,.T.);
#601=ORIENTED_EDGE('',*,*,#854,.T.);
#602=ORIENTED_EDGE('',*,*,#931,.F.);
#603=ORIENTED_EDGE('',*,*,#898,.F.);
#604=ORIENTED_EDGE('',*,*,#930,.F.);
#605=ORIENTED_EDGE('',*,*,#856,.T.);
#606=ORIENTED_EDGE('',*,*,#997,.T.);
#607=ORIENTED_EDGE('',*,*,#896,.F.);
#608=ORIENTED_EDGE('',*,*,#902,.T.);
#609=ORIENTED_EDGE('',*,*,#999,.F.);
#610=ORIENTED_EDGE('',*,*,#879,.F.);
#611=ORIENTED_EDGE('',*,*,#1000,.F.);
#612=ORIENTED_EDGE('',*,*,#1000,.T.);
#613=ORIENTED_EDGE('',*,*,#878,.T.);
#614=ORIENTED_EDGE('',*,*,#924,.F.);
#615=ORIENTED_EDGE('',*,*,#899,.F.);
#616=ORIENTED_EDGE('',*,*,#923,.F.);
#617=ORIENTED_EDGE('',*,*,#880,.T.);
#618=ORIENTED_EDGE('',*,*,#999,.T.);
#619=ORIENTED_EDGE('',*,*,#901,.F.);
#620=ORIENTED_EDGE('',*,*,#903,.T.);
#621=ORIENTED_EDGE('',*,*,#1001,.F.);
#622=ORIENTED_EDGE('',*,*,#883,.F.);
#623=ORIENTED_EDGE('',*,*,#1002,.F.);
#624=ORIENTED_EDGE('',*,*,#904,.T.);
#625=ORIENTED_EDGE('',*,*,#1002,.T.);
#626=ORIENTED_EDGE('',*,*,#882,.F.);
#627=ORIENTED_EDGE('',*,*,#922,.F.);
#628=ORIENTED_EDGE('',*,*,#906,.T.);
#629=ORIENTED_EDGE('',*,*,#921,.F.);
#630=ORIENTED_EDGE('',*,*,#884,.F.);
#631=ORIENTED_EDGE('',*,*,#1001,.T.);
#632=ORIENTED_EDGE('',*,*,#889,.T.);
#633=ORIENTED_EDGE('',*,*,#1003,.F.);
#634=ORIENTED_EDGE('',*,*,#859,.F.);
#635=ORIENTED_EDGE('',*,*,#1004,.F.);
#636=ORIENTED_EDGE('',*,*,#890,.T.);
#637=ORIENTED_EDGE('',*,*,#1004,.T.);
#638=ORIENTED_EDGE('',*,*,#858,.F.);
#639=ORIENTED_EDGE('',*,*,#929,.F.);
#640=ORIENTED_EDGE('',*,*,#892,.T.);
#641=ORIENTED_EDGE('',*,*,#928,.F.);
#642=ORIENTED_EDGE('',*,*,#860,.F.);
#643=ORIENTED_EDGE('',*,*,#1003,.T.);
#644=ORIENTED_EDGE('',*,*,#907,.T.);
#645=ORIENTED_EDGE('',*,*,#1005,.F.);
#646=ORIENTED_EDGE('',*,*,#871,.F.);
#647=ORIENTED_EDGE('',*,*,#1006,.T.);
#648=ORIENTED_EDGE('',*,*,#1007,.F.);
#649=ORIENTED_EDGE('',*,*,#872,.T.);
#650=ORIENTED_EDGE('',*,*,#1005,.T.);
#651=ORIENTED_EDGE('',*,*,#910,.F.);
#652=ORIENTED_EDGE('',*,*,#1008,.F.);
#653=ORIENTED_EDGE('',*,*,#873,.T.);
#654=ORIENTED_EDGE('',*,*,#1007,.T.);
#655=ORIENTED_EDGE('',*,*,#909,.F.);
#656=ORIENTED_EDGE('',*,*,#908,.T.);
#657=ORIENTED_EDGE('',*,*,#1006,.F.);
#658=ORIENTED_EDGE('',*,*,#870,.F.);
#659=ORIENTED_EDGE('',*,*,#996,.T.);
#660=ORIENTED_EDGE('',*,*,#1009,.F.);
#661=ORIENTED_EDGE('',*,*,#1010,.F.);
#662=ORIENTED_EDGE('',*,*,#874,.F.);
#663=ORIENTED_EDGE('',*,*,#1008,.T.);
#664=ORIENTED_EDGE('',*,*,#885,.T.);
#665=ORIENTED_EDGE('',*,*,#1011,.F.);
#666=ORIENTED_EDGE('',*,*,#866,.F.);
#667=ORIENTED_EDGE('',*,*,#1012,.T.);
#668=ORIENTED_EDGE('',*,*,#1013,.F.);
#669=ORIENTED_EDGE('',*,*,#867,.T.);
#670=ORIENTED_EDGE('',*,*,#1011,.T.);
#671=ORIENTED_EDGE('',*,*,#888,.F.);
#672=ORIENTED_EDGE('',*,*,#1013,.T.);
#673=ORIENTED_EDGE('',*,*,#887,.F.);
#674=ORIENTED_EDGE('',*,*,#1014,.F.);
#675=ORIENTED_EDGE('',*,*,#864,.T.);
#676=ORIENTED_EDGE('',*,*,#1015,.F.);
#677=ORIENTED_EDGE('',*,*,#1016,.T.);
#678=ORIENTED_EDGE('',*,*,#994,.T.);
#679=ORIENTED_EDGE('',*,*,#868,.F.);
#680=ORIENTED_EDGE('',*,*,#886,.T.);
#681=ORIENTED_EDGE('',*,*,#1012,.F.);
#682=ORIENTED_EDGE('',*,*,#865,.F.);
#683=ORIENTED_EDGE('',*,*,#1014,.T.);
#684=ORIENTED_EDGE('',*,*,#954,.T.);
#685=ORIENTED_EDGE('',*,*,#1017,.T.);
#686=ORIENTED_EDGE('',*,*,#980,.F.);
#687=ORIENTED_EDGE('',*,*,#1018,.F.);
#688=ORIENTED_EDGE('',*,*,#973,.F.);
#689=ORIENTED_EDGE('',*,*,#1019,.T.);
#690=ORIENTED_EDGE('',*,*,#955,.F.);
#691=ORIENTED_EDGE('',*,*,#1018,.T.);
#692=ORIENTED_EDGE('',*,*,#979,.T.);
#693=ORIENTED_EDGE('',*,*,#977,.F.);
#694=ORIENTED_EDGE('',*,*,#1020,.F.);
#695=ORIENTED_EDGE('',*,*,#971,.T.);
#696=ORIENTED_EDGE('',*,*,#965,.T.);
#697=ORIENTED_EDGE('',*,*,#987,.F.);
#698=ORIENTED_EDGE('',*,*,#934,.F.);
#699=ORIENTED_EDGE('',*,*,#957,.T.);
#700=ORIENTED_EDGE('',*,*,#972,.T.);
#701=ORIENTED_EDGE('',*,*,#1020,.T.);
#702=ORIENTED_EDGE('',*,*,#956,.T.);
#703=ORIENTED_EDGE('',*,*,#1019,.F.);
#704=ORIENTED_EDGE('',*,*,#1021,.F.);
#705=ORIENTED_EDGE('',*,*,#1022,.F.);
#706=ORIENTED_EDGE('',*,*,#1023,.T.);
#707=ORIENTED_EDGE('',*,*,#1024,.T.);
#708=ORIENTED_EDGE('',*,*,#976,.T.);
#709=ORIENTED_EDGE('',*,*,#993,.F.);
#710=ORIENTED_EDGE('',*,*,#1025,.F.);
#711=ORIENTED_EDGE('',*,*,#1022,.T.);
#712=ORIENTED_EDGE('',*,*,#1026,.T.);
#713=ORIENTED_EDGE('',*,*,#975,.T.);
#714=ORIENTED_EDGE('',*,*,#959,.F.);
#715=ORIENTED_EDGE('',*,*,#967,.F.);
#716=ORIENTED_EDGE('',*,*,#1027,.F.);
#717=ORIENTED_EDGE('',*,*,#1024,.F.);
#718=ORIENTED_EDGE('',*,*,#1028,.T.);
#719=ORIENTED_EDGE('',*,*,#991,.T.);
#720=ORIENTED_EDGE('',*,*,#1023,.F.);
#721=ORIENTED_EDGE('',*,*,#1025,.T.);
#722=ORIENTED_EDGE('',*,*,#992,.T.);
#723=ORIENTED_EDGE('',*,*,#1028,.F.);
#724=ORIENTED_EDGE('',*,*,#1029,.F.);
#725=ORIENTED_EDGE('',*,*,#1030,.F.);
#726=ORIENTED_EDGE('',*,*,#1031,.T.);
#727=ORIENTED_EDGE('',*,*,#1032,.T.);
#728=ORIENTED_EDGE('',*,*,#961,.T.);
#729=ORIENTED_EDGE('',*,*,#990,.F.);
#730=ORIENTED_EDGE('',*,*,#1033,.F.);
#731=ORIENTED_EDGE('',*,*,#1030,.T.);
#732=ORIENTED_EDGE('',*,*,#1034,.T.);
#733=ORIENTED_EDGE('',*,*,#968,.T.);
#734=ORIENTED_EDGE('',*,*,#963,.F.);
#735=ORIENTED_EDGE('',*,*,#970,.F.);
#736=ORIENTED_EDGE('',*,*,#1035,.F.);
#737=ORIENTED_EDGE('',*,*,#1032,.F.);
#738=ORIENTED_EDGE('',*,*,#1036,.T.);
#739=ORIENTED_EDGE('',*,*,#988,.T.);
#740=ORIENTED_EDGE('',*,*,#1031,.F.);
#741=ORIENTED_EDGE('',*,*,#1033,.T.);
#742=ORIENTED_EDGE('',*,*,#989,.T.);
#743=ORIENTED_EDGE('',*,*,#1036,.F.);
#744=ORIENTED_EDGE('',*,*,#1037,.T.);
#745=ORIENTED_EDGE('',*,*,#981,.F.);
#746=ORIENTED_EDGE('',*,*,#1017,.F.);
#747=ORIENTED_EDGE('',*,*,#953,.T.);
#748=ORIENTED_EDGE('',*,*,#1038,.F.);
#749=ORIENTED_EDGE('',*,*,#940,.T.);
#750=ORIENTED_EDGE('',*,*,#1039,.F.);
#751=ORIENTED_EDGE('',*,*,#942,.F.);
#752=ORIENTED_EDGE('',*,*,#1040,.T.);
#753=ORIENTED_EDGE('',*,*,#951,.F.);
#754=ORIENTED_EDGE('',*,*,#939,.T.);
#755=ORIENTED_EDGE('',*,*,#983,.T.);
#756=ORIENTED_EDGE('',*,*,#943,.T.);
#757=ORIENTED_EDGE('',*,*,#1039,.T.);
#758=ORIENTED_EDGE('',*,*,#982,.F.);
#759=ORIENTED_EDGE('',*,*,#1037,.F.);
#760=ORIENTED_EDGE('',*,*,#1041,.T.);
#761=ORIENTED_EDGE('',*,*,#984,.F.);
#762=ORIENTED_EDGE('',*,*,#937,.F.);
#763=ORIENTED_EDGE('',*,*,#950,.T.);
#764=ORIENTED_EDGE('',*,*,#1042,.F.);
#765=ORIENTED_EDGE('',*,*,#944,.T.);
#766=ORIENTED_EDGE('',*,*,#1043,.F.);
#767=ORIENTED_EDGE('',*,*,#946,.F.);
#768=ORIENTED_EDGE('',*,*,#1044,.T.);
#769=ORIENTED_EDGE('',*,*,#948,.F.);
#770=ORIENTED_EDGE('',*,*,#932,.T.);
#771=ORIENTED_EDGE('',*,*,#986,.T.);
#772=ORIENTED_EDGE('',*,*,#947,.T.);
#773=ORIENTED_EDGE('',*,*,#1043,.T.);
#774=ORIENTED_EDGE('',*,*,#985,.F.);
#775=ORIENTED_EDGE('',*,*,#1041,.F.);
#776=ORIENTED_EDGE('',*,*,#1034,.F.);
#777=ORIENTED_EDGE('',*,*,#1029,.T.);
#778=ORIENTED_EDGE('',*,*,#1035,.T.);
#779=ORIENTED_EDGE('',*,*,#969,.F.);
#780=ORIENTED_EDGE('',*,*,#1026,.F.);
#781=ORIENTED_EDGE('',*,*,#1021,.T.);
#782=ORIENTED_EDGE('',*,*,#1027,.T.);
#783=ORIENTED_EDGE('',*,*,#966,.F.);
#784=ORIENTED_EDGE('',*,*,#1038,.T.);
#785=ORIENTED_EDGE('',*,*,#952,.T.);
#786=ORIENTED_EDGE('',*,*,#1040,.F.);
#787=ORIENTED_EDGE('',*,*,#941,.F.);
#788=ORIENTED_EDGE('',*,*,#1042,.T.);
#789=ORIENTED_EDGE('',*,*,#949,.T.);
#790=ORIENTED_EDGE('',*,*,#1044,.F.);
#791=ORIENTED_EDGE('',*,*,#945,.F.);
#792=ORIENTED_EDGE('',*,*,#995,.T.);
#793=ORIENTED_EDGE('',*,*,#1016,.F.);
#794=ORIENTED_EDGE('',*,*,#1045,.F.);
#795=ORIENTED_EDGE('',*,*,#1009,.T.);
#796=ORIENTED_EDGE('',*,*,#862,.F.);
#797=ORIENTED_EDGE('',*,*,#927,.T.);
#798=ORIENTED_EDGE('',*,*,#1046,.F.);
#799=ORIENTED_EDGE('',*,*,#1047,.F.);
#800=ORIENTED_EDGE('',*,*,#926,.T.);
#801=ORIENTED_EDGE('',*,*,#1048,.F.);
#802=ORIENTED_EDGE('',*,*,#1049,.F.);
#803=ORIENTED_EDGE('',*,*,#1046,.T.);
#804=ORIENTED_EDGE('',*,*,#876,.F.);
#805=ORIENTED_EDGE('',*,*,#1050,.F.);
#806=ORIENTED_EDGE('',*,*,#1048,.T.);
#807=ORIENTED_EDGE('',*,*,#925,.T.);
#808=ORIENTED_EDGE('',*,*,#1050,.T.);
#809=ORIENTED_EDGE('',*,*,#875,.T.);
#810=ORIENTED_EDGE('',*,*,#1010,.T.);
#811=ORIENTED_EDGE('',*,*,#1045,.T.);
#812=ORIENTED_EDGE('',*,*,#1015,.T.);
#813=ORIENTED_EDGE('',*,*,#863,.T.);
#814=ORIENTED_EDGE('',*,*,#1047,.T.);
#815=ORIENTED_EDGE('',*,*,#1049,.T.);
#816=ORIENTED_EDGE('',*,*,#1051,.T.);
#817=ORIENTED_EDGE('',*,*,#913,.T.);
#818=ORIENTED_EDGE('',*,*,#1052,.F.);
#819=ORIENTED_EDGE('',*,*,#851,.F.);
#820=ORIENTED_EDGE('',*,*,#1053,.T.);
#821=ORIENTED_EDGE('',*,*,#914,.T.);
#822=ORIENTED_EDGE('',*,*,#1051,.F.);
#823=ORIENTED_EDGE('',*,*,#850,.F.);
#824=ORIENTED_EDGE('',*,*,#849,.T.);
#825=ORIENTED_EDGE('',*,*,#1054,.T.);
#826=ORIENTED_EDGE('',*,*,#915,.F.);
#827=ORIENTED_EDGE('',*,*,#1053,.F.);
#828=ORIENTED_EDGE('',*,*,#1055,.T.);
#829=ORIENTED_EDGE('',*,*,#916,.T.);
#830=ORIENTED_EDGE('',*,*,#1054,.F.);
#831=ORIENTED_EDGE('',*,*,#848,.F.);
#832=ORIENTED_EDGE('',*,*,#847,.T.);
#833=ORIENTED_EDGE('',*,*,#1056,.T.);
#834=ORIENTED_EDGE('',*,*,#917,.F.);
#835=ORIENTED_EDGE('',*,*,#1055,.F.);
#836=ORIENTED_EDGE('',*,*,#920,.T.);
#837=ORIENTED_EDGE('',*,*,#918,.T.);
#838=ORIENTED_EDGE('',*,*,#1056,.F.);
#839=ORIENTED_EDGE('',*,*,#846,.F.);
#840=ORIENTED_EDGE('',*,*,#1052,.T.);
#841=ORIENTED_EDGE('',*,*,#912,.T.);
#842=ORIENTED_EDGE('',*,*,#919,.F.);
#843=ORIENTED_EDGE('',*,*,#852,.F.);
#844=EDGE_CURVE('',#1057,#1057,#1200,.T.);
#845=EDGE_CURVE('',#1058,#1059,#1201,.T.);
#846=EDGE_CURVE('',#1058,#1060,#410,.T.);
#847=EDGE_CURVE('',#1061,#1060,#74,.T.);
#848=EDGE_CURVE('',#1061,#1062,#411,.T.);
#849=EDGE_CURVE('',#1063,#1062,#1202,.T.);
#850=EDGE_CURVE('',#1063,#1064,#412,.T.);
#851=EDGE_CURVE('',#1064,#1065,#75,.T.);
#852=EDGE_CURVE('',#1065,#1066,#413,.T.);
#853=EDGE_CURVE('',#1067,#1066,#1203,.T.);
#854=EDGE_CURVE('',#1068,#1067,#76,.T.);
#855=EDGE_CURVE('',#1068,#1069,#1204,.T.);
#856=EDGE_CURVE('',#1070,#1069,#77,.F.);
#857=EDGE_CURVE('',#1071,#1070,#1205,.T.);
#858=EDGE_CURVE('',#1071,#1072,#78,.F.);
#859=EDGE_CURVE('',#1072,#1073,#1206,.T.);
#860=EDGE_CURVE('',#1073,#1074,#79,.T.);
#861=EDGE_CURVE('',#1075,#1074,#1207,.T.);
#862=EDGE_CURVE('',#1075,#1076,#80,.F.);
#863=EDGE_CURVE('',#1077,#1076,#1208,.T.);
#864=EDGE_CURVE('',#1078,#1077,#81,.T.);
#865=EDGE_CURVE('',#1078,#1079,#1209,.T.);
#866=EDGE_CURVE('',#1079,#1080,#82,.T.);
#867=EDGE_CURVE('',#1081,#1080,#1210,.T.);
#868=EDGE_CURVE('',#1081,#1082,#83,.T.);
#869=EDGE_CURVE('',#1083,#1082,#1211,.T.);
#870=EDGE_CURVE('',#1083,#1084,#84,.F.);
#871=EDGE_CURVE('',#1084,#1085,#1212,.T.);
#872=EDGE_CURVE('',#1086,#1085,#85,.T.);
#873=EDGE_CURVE('',#1087,#1086,#1213,.T.);
#874=EDGE_CURVE('',#1087,#1088,#86,.T.);
#875=EDGE_CURVE('',#1089,#1088,#1214,.T.);
#876=EDGE_CURVE('',#1089,#1090,#87,.T.);
#877=EDGE_CURVE('',#1091,#1090,#1215,.T.);
#878=EDGE_CURVE('',#1092,#1091,#88,.T.);
#879=EDGE_CURVE('',#1092,#1093,#1216,.T.);
#880=EDGE_CURVE('',#1094,#1093,#89,.F.);
#881=EDGE_CURVE('',#1095,#1094,#1217,.T.);
#882=EDGE_CURVE('',#1095,#1096,#90,.F.);
#883=EDGE_CURVE('',#1096,#1097,#1218,.T.);
#884=EDGE_CURVE('',#1097,#1059,#91,.T.);
#885=EDGE_CURVE('',#1098,#1099,#92,.T.);
#886=EDGE_CURVE('',#1100,#1098,#1219,.T.);
#887=EDGE_CURVE('',#1100,#1101,#93,.T.);
#888=EDGE_CURVE('',#1101,#1099,#1220,.T.);
#889=EDGE_CURVE('',#1102,#1103,#1221,.T.);
#890=EDGE_CURVE('',#1104,#1102,#94,.F.);
#891=EDGE_CURVE('',#1104,#1105,#1222,.T.);
#892=EDGE_CURVE('',#1103,#1105,#95,.T.);
#893=EDGE_CURVE('',#1106,#1106,#1223,.T.);
#894=EDGE_CURVE('',#1107,#1107,#1224,.T.);
#895=EDGE_CURVE('',#1108,#1109,#1225,.T.);
#896=EDGE_CURVE('',#1109,#1110,#96,.F.);
#897=EDGE_CURVE('',#1111,#1110,#1226,.T.);
#898=EDGE_CURVE('',#1111,#1108,#97,.T.);
#899=EDGE_CURVE('',#1112,#1113,#98,.T.);
#900=EDGE_CURVE('',#1113,#1114,#1227,.T.);
#901=EDGE_CURVE('',#1114,#1115,#99,.F.);
#902=EDGE_CURVE('',#1112,#1115,#1228,.T.);
#903=EDGE_CURVE('',#1116,#1117,#1229,.T.);
#904=EDGE_CURVE('',#1118,#1116,#100,.F.);
#905=EDGE_CURVE('',#1118,#1119,#1230,.T.);
#906=EDGE_CURVE('',#1117,#1119,#101,.T.);
#907=EDGE_CURVE('',#1120,#1121,#1231,.T.);
#908=EDGE_CURVE('',#1122,#1120,#102,.T.);
#909=EDGE_CURVE('',#1122,#1123,#1232,.T.);
#910=EDGE_CURVE('',#1123,#1121,#103,.T.);
#911=EDGE_CURVE('',#1124,#1125,#1233,.T.);
#912=EDGE_CURVE('',#1126,#1124,#414,.T.);
#913=EDGE_CURVE('',#1127,#1126,#104,.T.);
#914=EDGE_CURVE('',#1128,#1127,#415,.T.);
#915=EDGE_CURVE('',#1128,#1129,#1234,.T.);
#916=EDGE_CURVE('',#1130,#1129,#416,.T.);
#917=EDGE_CURVE('',#1130,#1131,#105,.T.);
#918=EDGE_CURVE('',#1125,#1131,#417,.T.);
#919=EDGE_CURVE('',#1066,#1124,#106,.T.);
#920=EDGE_CURVE('',#1058,#1125,#107,.T.);
#921=EDGE_CURVE('',#1059,#1119,#108,.F.);
#922=EDGE_CURVE('',#1118,#1095,#109,.T.);
#923=EDGE_CURVE('',#1094,#1114,#110,.T.);
#924=EDGE_CURVE('',#1113,#1091,#111,.F.);
#925=EDGE_CURVE('',#1132,#1090,#112,.F.);
#926=EDGE_CURVE('',#1133,#1132,#113,.T.);
#927=EDGE_CURVE('',#1075,#1133,#114,.T.);
#928=EDGE_CURVE('',#1074,#1105,#115,.T.);
#929=EDGE_CURVE('',#1104,#1071,#116,.F.);
#930=EDGE_CURVE('',#1070,#1109,#117,.F.);
#931=EDGE_CURVE('',#1108,#1067,#118,.T.);
#932=EDGE_CURVE('',#1134,#1135,#119,.T.);
#933=EDGE_CURVE('',#1134,#1136,#120,.T.);
#934=EDGE_CURVE('',#1136,#1137,#121,.T.);
#935=EDGE_CURVE('',#1135,#1137,#122,.T.);
#936=EDGE_CURVE('',#1138,#1139,#123,.T.);
#937=EDGE_CURVE('',#1139,#1140,#124,.T.);
#938=EDGE_CURVE('',#1141,#1140,#125,.T.);
#939=EDGE_CURVE('',#1138,#1141,#126,.T.);
#940=EDGE_CURVE('',#1142,#1143,#127,.T.);
#941=EDGE_CURVE('',#1142,#1144,#128,.T.);
#942=EDGE_CURVE('',#1144,#1145,#129,.T.);
#943=EDGE_CURVE('',#1143,#1145,#130,.T.);
#944=EDGE_CURVE('',#1146,#1147,#131,.T.);
#945=EDGE_CURVE('',#1146,#1148,#132,.T.);
#946=EDGE_CURVE('',#1148,#1149,#133,.T.);
#947=EDGE_CURVE('',#1147,#1149,#134,.T.);
#948=EDGE_CURVE('',#1134,#1150,#135,.T.);
#949=EDGE_CURVE('',#1151,#1150,#136,.T.);
#950=EDGE_CURVE('',#1139,#1151,#137,.T.);
#951=EDGE_CURVE('',#1138,#1152,#138,.T.);
#952=EDGE_CURVE('',#1153,#1152,#139,.T.);
#953=EDGE_CURVE('',#1154,#1153,#140,.T.);
#954=EDGE_CURVE('',#1155,#1154,#141,.T.);
#955=EDGE_CURVE('',#1155,#1156,#142,.T.);
#956=EDGE_CURVE('',#1157,#1156,#143,.F.);
#957=EDGE_CURVE('',#1136,#1157,#144,.T.);
#958=EDGE_CURVE('',#1158,#1159,#145,.T.);
#959=EDGE_CURVE('',#1158,#1160,#146,.T.);
#960=EDGE_CURVE('',#1160,#1161,#147,.T.);
#961=EDGE_CURVE('',#1159,#1161,#148,.T.);
#962=EDGE_CURVE('',#1162,#1163,#149,.T.);
#963=EDGE_CURVE('',#1162,#1164,#150,.T.);
#964=EDGE_CURVE('',#1164,#1165,#151,.T.);
#965=EDGE_CURVE('',#1163,#1165,#152,.T.);
#966=EDGE_CURVE('',#1166,#1167,#153,.T.);
#967=EDGE_CURVE('',#1167,#1158,#154,.T.);
#968=EDGE_CURVE('',#1168,#1159,#155,.T.);
#969=EDGE_CURVE('',#1168,#1169,#156,.T.);
#970=EDGE_CURVE('',#1169,#1162,#157,.T.);
#971=EDGE_CURVE('',#1170,#1163,#158,.T.);
#972=EDGE_CURVE('',#1171,#1170,#159,.T.);
#973=EDGE_CURVE('',#1171,#1172,#160,.T.);
#974=EDGE_CURVE('',#1172,#1173,#161,.T.);
#975=EDGE_CURVE('',#1166,#1173,#162,.T.);
#976=EDGE_CURVE('',#1173,#1174,#163,.T.);
#977=EDGE_CURVE('',#1172,#1175,#164,.T.);
#978=EDGE_CURVE('',#1175,#1174,#165,.T.);
#979=EDGE_CURVE('',#1176,#1175,#166,.T.);
#980=EDGE_CURVE('',#1176,#1177,#167,.T.);
#981=EDGE_CURVE('',#1177,#1178,#168,.T.);
#982=EDGE_CURVE('',#1178,#1179,#169,.T.);
#983=EDGE_CURVE('',#1141,#1179,#170,.T.);
#984=EDGE_CURVE('',#1140,#1180,#171,.T.);
#985=EDGE_CURVE('',#1180,#1181,#172,.T.);
#986=EDGE_CURVE('',#1135,#1181,#173,.T.);
#987=EDGE_CURVE('',#1137,#1165,#174,.T.);
#988=EDGE_CURVE('',#1182,#1164,#175,.T.);
#989=EDGE_CURVE('',#1183,#1182,#176,.T.);
#990=EDGE_CURVE('',#1183,#1161,#177,.T.);
#991=EDGE_CURVE('',#1184,#1160,#178,.T.);
#992=EDGE_CURVE('',#1185,#1184,#179,.T.);
#993=EDGE_CURVE('',#1185,#1174,#180,.T.);
#994=EDGE_CURVE('',#1186,#1082,#181,.F.);
#995=EDGE_CURVE('',#1187,#1186,#182,.F.);
#996=EDGE_CURVE('',#1083,#1187,#183,.T.);
#997=EDGE_CURVE('',#1069,#1110,#184,.F.);
#998=EDGE_CURVE('',#1111,#1068,#185,.T.);
#999=EDGE_CURVE('',#1093,#1115,#186,.T.);
#1000=EDGE_CURVE('',#1112,#1092,#187,.F.);
#1001=EDGE_CURVE('',#1097,#1117,#188,.F.);
#1002=EDGE_CURVE('',#1116,#1096,#189,.T.);
#1003=EDGE_CURVE('',#1073,#1103,#190,.T.);
#1004=EDGE_CURVE('',#1102,#1072,#191,.F.);
#1005=EDGE_CURVE('',#1085,#1121,#192,.T.);
#1006=EDGE_CURVE('',#1084,#1120,#193,.T.);
#1007=EDGE_CURVE('',#1086,#1123,#194,.T.);
#1008=EDGE_CURVE('',#1087,#1122,#195,.T.);
#1009=EDGE_CURVE('',#1188,#1187,#196,.T.);
#1010=EDGE_CURVE('',#1088,#1188,#197,.T.);
#1011=EDGE_CURVE('',#1080,#1099,#198,.T.);
#1012=EDGE_CURVE('',#1079,#1098,#199,.T.);
#1013=EDGE_CURVE('',#1081,#1101,#200,.T.);
#1014=EDGE_CURVE('',#1078,#1100,#201,.T.);
#1015=EDGE_CURVE('',#1189,#1077,#202,.F.);
#1016=EDGE_CURVE('',#1189,#1186,#203,.T.);
#1017=EDGE_CURVE('',#1154,#1177,#204,.T.);
#1018=EDGE_CURVE('',#1155,#1176,#205,.T.);
#1019=EDGE_CURVE('',#1171,#1156,#1235,.T.);
#1020=EDGE_CURVE('',#1170,#1157,#1236,.T.);
#1021=EDGE_CURVE('',#1190,#1191,#206,.T.);
#1022=EDGE_CURVE('',#1192,#1190,#207,.T.);
#1023=EDGE_CURVE('',#1192,#1193,#208,.T.);
#1024=EDGE_CURVE('',#1193,#1191,#209,.T.);
#1025=EDGE_CURVE('',#1192,#1185,#210,.T.);
#1026=EDGE_CURVE('',#1190,#1166,#211,.T.);
#1027=EDGE_CURVE('',#1191,#1167,#212,.T.);
#1028=EDGE_CURVE('',#1193,#1184,#213,.T.);
#1029=EDGE_CURVE('',#1194,#1195,#214,.T.);
#1030=EDGE_CURVE('',#1196,#1194,#215,.T.);
#1031=EDGE_CURVE('',#1196,#1197,#216,.T.);
#1032=EDGE_CURVE('',#1197,#1195,#217,.T.);
#1033=EDGE_CURVE('',#1196,#1183,#218,.T.);
#1034=EDGE_CURVE('',#1194,#1168,#219,.T.);
#1035=EDGE_CURVE('',#1195,#1169,#220,.T.);
#1036=EDGE_CURVE('',#1197,#1182,#221,.T.);
#1037=EDGE_CURVE('',#1143,#1178,#222,.T.);
#1038=EDGE_CURVE('',#1142,#1153,#223,.T.);
#1039=EDGE_CURVE('',#1145,#1179,#224,.T.);
#1040=EDGE_CURVE('',#1144,#1152,#225,.T.);
#1041=EDGE_CURVE('',#1147,#1180,#226,.T.);
#1042=EDGE_CURVE('',#1146,#1151,#227,.T.);
#1043=EDGE_CURVE('',#1149,#1181,#228,.T.);
#1044=EDGE_CURVE('',#1148,#1150,#229,.T.);
#1045=EDGE_CURVE('',#1188,#1189,#230,.F.);
#1046=EDGE_CURVE('',#1198,#1133,#231,.T.);
#1047=EDGE_CURVE('',#1076,#1198,#232,.T.);
#1048=EDGE_CURVE('',#1199,#1132,#233,.T.);
#1049=EDGE_CURVE('',#1198,#1199,#234,.T.);
#1050=EDGE_CURVE('',#1199,#1089,#235,.F.);
#1051=EDGE_CURVE('',#1064,#1127,#236,.T.);
#1052=EDGE_CURVE('',#1065,#1126,#237,.T.);
#1053=EDGE_CURVE('',#1063,#1128,#238,.T.);
#1054=EDGE_CURVE('',#1062,#1129,#239,.T.);
#1055=EDGE_CURVE('',#1061,#1130,#240,.T.);
#1056=EDGE_CURVE('',#1060,#1131,#241,.T.);
#1057=VERTEX_POINT('',#1977);
#1058=VERTEX_POINT('',#1979);
#1059=VERTEX_POINT('',#1980);
#1060=VERTEX_POINT('',#1986);
#1061=VERTEX_POINT('',#1988);
#1062=VERTEX_POINT('',#1994);
#1063=VERTEX_POINT('',#1996);
#1064=VERTEX_POINT('',#2002);
#1065=VERTEX_POINT('',#2004);
#1066=VERTEX_POINT('',#2010);
#1067=VERTEX_POINT('',#2012);
#1068=VERTEX_POINT('',#2014);
#1069=VERTEX_POINT('',#2016);
#1070=VERTEX_POINT('',#2018);
#1071=VERTEX_POINT('',#2020);
#1072=VERTEX_POINT('',#2022);
#1073=VERTEX_POINT('',#2024);
#1074=VERTEX_POINT('',#2026);
#1075=VERTEX_POINT('',#2028);
#1076=VERTEX_POINT('',#2030);
#1077=VERTEX_POINT('',#2032);
#1078=VERTEX_POINT('',#2034);
#1079=VERTEX_POINT('',#2036);
#1080=VERTEX_POINT('',#2038);
#1081=VERTEX_POINT('',#2040);
#1082=VERTEX_POINT('',#2042);
#1083=VERTEX_POINT('',#2044);
#1084=VERTEX_POINT('',#2046);
#1085=VERTEX_POINT('',#2048);
#1086=VERTEX_POINT('',#2050);
#1087=VERTEX_POINT('',#2052);
#1088=VERTEX_POINT('',#2054);
#1089=VERTEX_POINT('',#2056);
#1090=VERTEX_POINT('',#2058);
#1091=VERTEX_POINT('',#2060);
#1092=VERTEX_POINT('',#2062);
#1093=VERTEX_POINT('',#2064);
#1094=VERTEX_POINT('',#2066);
#1095=VERTEX_POINT('',#2068);
#1096=VERTEX_POINT('',#2070);
#1097=VERTEX_POINT('',#2072);
#1098=VERTEX_POINT('',#2076);
#1099=VERTEX_POINT('',#2077);
#1100=VERTEX_POINT('',#2079);
#1101=VERTEX_POINT('',#2081);
#1102=VERTEX_POINT('',#2084);
#1103=VERTEX_POINT('',#2085);
#1104=VERTEX_POINT('',#2087);
#1105=VERTEX_POINT('',#2089);
#1106=VERTEX_POINT('',#2092);
#1107=VERTEX_POINT('',#2094);
#1108=VERTEX_POINT('',#2096);
#1109=VERTEX_POINT('',#2097);
#1110=VERTEX_POINT('',#2099);
#1111=VERTEX_POINT('',#2101);
#1112=VERTEX_POINT('',#2104);
#1113=VERTEX_POINT('',#2105);
#1114=VERTEX_POINT('',#2107);
#1115=VERTEX_POINT('',#2109);
#1116=VERTEX_POINT('',#2112);
#1117=VERTEX_POINT('',#2113);
#1118=VERTEX_POINT('',#2115);
#1119=VERTEX_POINT('',#2117);
#1120=VERTEX_POINT('',#2120);
#1121=VERTEX_POINT('',#2121);
#1122=VERTEX_POINT('',#2123);
#1123=VERTEX_POINT('',#2125);
#1124=VERTEX_POINT('',#2128);
#1125=VERTEX_POINT('',#2129);
#1126=VERTEX_POINT('',#2135);
#1127=VERTEX_POINT('',#2137);
#1128=VERTEX_POINT('',#2143);
#1129=VERTEX_POINT('',#2145);
#1130=VERTEX_POINT('',#2151);
#1131=VERTEX_POINT('',#2153);
#1132=VERTEX_POINT('',#2167);
#1133=VERTEX_POINT('',#2169);
#1134=VERTEX_POINT('',#2177);
#1135=VERTEX_POINT('',#2178);
#1136=VERTEX_POINT('',#2180);
#1137=VERTEX_POINT('',#2182);
#1138=VERTEX_POINT('',#2186);
#1139=VERTEX_POINT('',#2187);
#1140=VERTEX_POINT('',#2189);
#1141=VERTEX_POINT('',#2191);
#1142=VERTEX_POINT('',#2195);
#1143=VERTEX_POINT('',#2196);
#1144=VERTEX_POINT('',#2198);
#1145=VERTEX_POINT('',#2200);
#1146=VERTEX_POINT('',#2204);
#1147=VERTEX_POINT('',#2205);
#1148=VERTEX_POINT('',#2207);
#1149=VERTEX_POINT('',#2209);
#1150=VERTEX_POINT('',#2213);
#1151=VERTEX_POINT('',#2215);
#1152=VERTEX_POINT('',#2218);
#1153=VERTEX_POINT('',#2220);
#1154=VERTEX_POINT('',#2222);
#1155=VERTEX_POINT('',#2224);
#1156=VERTEX_POINT('',#2226);
#1157=VERTEX_POINT('',#2228);
#1158=VERTEX_POINT('',#2232);
#1159=VERTEX_POINT('',#2233);
#1160=VERTEX_POINT('',#2235);
#1161=VERTEX_POINT('',#2237);
#1162=VERTEX_POINT('',#2241);
#1163=VERTEX_POINT('',#2242);
#1164=VERTEX_POINT('',#2244);
#1165=VERTEX_POINT('',#2246);
#1166=VERTEX_POINT('',#2250);
#1167=VERTEX_POINT('',#2251);
#1168=VERTEX_POINT('',#2254);
#1169=VERTEX_POINT('',#2256);
#1170=VERTEX_POINT('',#2259);
#1171=VERTEX_POINT('',#2261);
#1172=VERTEX_POINT('',#2263);
#1173=VERTEX_POINT('',#2265);
#1174=VERTEX_POINT('',#2269);
#1175=VERTEX_POINT('',#2271);
#1176=VERTEX_POINT('',#2276);
#1177=VERTEX_POINT('',#2278);
#1178=VERTEX_POINT('',#2280);
#1179=VERTEX_POINT('',#2282);
#1180=VERTEX_POINT('',#2285);
#1181=VERTEX_POINT('',#2287);
#1182=VERTEX_POINT('',#2291);
#1183=VERTEX_POINT('',#2293);
#1184=VERTEX_POINT('',#2296);
#1185=VERTEX_POINT('',#2298);
#1186=VERTEX_POINT('',#2302);
#1187=VERTEX_POINT('',#2304);
#1188=VERTEX_POINT('',#2335);
#1189=VERTEX_POINT('',#2345);
#1190=VERTEX_POINT('',#2358);
#1191=VERTEX_POINT('',#2359);
#1192=VERTEX_POINT('',#2361);
#1193=VERTEX_POINT('',#2363);
#1194=VERTEX_POINT('',#2374);
#1195=VERTEX_POINT('',#2375);
#1196=VERTEX_POINT('',#2377);
#1197=VERTEX_POINT('',#2379);
#1198=VERTEX_POINT('',#2410);
#1199=VERTEX_POINT('',#2414);
#1200=CIRCLE('',#1487,0.0433978414763627);
#1201=CIRCLE('',#1488,0.0433978414763627);
#1202=CIRCLE('',#1489,0.0433978414763627);
#1203=CIRCLE('',#1490,0.0433978414763627);
#1204=CIRCLE('',#1491,0.0433978414763627);
#1205=CIRCLE('',#1492,0.0433978414763627);
#1206=CIRCLE('',#1493,0.0433978414763627);
#1207=CIRCLE('',#1494,0.0433978414763627);
#1208=CIRCLE('',#1495,0.0433978414763627);
#1209=CIRCLE('',#1496,0.0433978414763627);
#1210=CIRCLE('',#1497,0.0433978414763627);
#1211=CIRCLE('',#1498,0.0433978414763627);
#1212=CIRCLE('',#1499,0.0433978414763627);
#1213=CIRCLE('',#1500,0.0433978414763627);
#1214=CIRCLE('',#1501,0.0433978414763627);
#1215=CIRCLE('',#1502,0.0433978414763627);
#1216=CIRCLE('',#1503,0.0433978414763627);
#1217=CIRCLE('',#1504,0.0433978414763627);
#1218=CIRCLE('',#1505,0.0433978414763627);
#1219=CIRCLE('',#1507,0.0483978414763627);
#1220=CIRCLE('',#1508,0.0483978414763627);
#1221=CIRCLE('',#1509,0.0483978414763627);
#1222=CIRCLE('',#1510,0.0483978414763627);
#1223=CIRCLE('',#1511,0.0483978414763627);
#1224=CIRCLE('',#1512,0.0483978414763627);
#1225=CIRCLE('',#1513,0.0483978414763627);
#1226=CIRCLE('',#1514,0.0483978414763627);
#1227=CIRCLE('',#1515,0.0483978414763627);
#1228=CIRCLE('',#1516,0.0483978414763627);
#1229=CIRCLE('',#1517,0.0483978414763627);
#1230=CIRCLE('',#1518,0.0483978414763627);
#1231=CIRCLE('',#1519,0.0483978414763627);
#1232=CIRCLE('',#1520,0.0483978414763627);
#1233=CIRCLE('',#1521,0.0483978414763627);
#1234=CIRCLE('',#1522,0.0483978414763627);
#1235=CIRCLE('',#1558,0.0005);
#1236=CIRCLE('',#1560,0.0005);
#1237=EDGE_LOOP('',(#418));
#1238=EDGE_LOOP('',(#419,#420,#421,#422,#423,#424,#425,#426,#427,#428,#429,
#430,#431,#432,#433,#434,#435,#436,#437,#438,#439,#440,#441,#442,#443,#444,
#445,#446,#447,#448,#449,#450,#451,#452,#453,#454,#455,#456,#457,#458));
#1239=EDGE_LOOP('',(#459,#460,#461,#462));
#1240=EDGE_LOOP('',(#463,#464,#465,#466));
#1241=EDGE_LOOP('',(#467));
#1242=EDGE_LOOP('',(#468));
#1243=EDGE_LOOP('',(#469,#470,#471,#472));
#1244=EDGE_LOOP('',(#473,#474,#475,#476));
#1245=EDGE_LOOP('',(#477,#478,#479,#480));
#1246=EDGE_LOOP('',(#481,#482,#483,#484));
#1247=EDGE_LOOP('',(#485,#486,#487,#488,#489,#490,#491,#492));
#1248=EDGE_LOOP('',(#493,#494,#495,#496,#497,#498,#499,#500,#501,#502,#503,
#504,#505,#506,#507,#508,#509,#510,#511,#512,#513,#514,#515,#516));
#1249=EDGE_LOOP('',(#517,#518,#519,#520));
#1250=EDGE_LOOP('',(#521,#522,#523,#524));
#1251=EDGE_LOOP('',(#525,#526,#527,#528));
#1252=EDGE_LOOP('',(#529,#530,#531,#532));
#1253=EDGE_LOOP('',(#533,#534,#535,#536,#537,#538,#539,#540,#541,#542,#543,
#544));
#1254=EDGE_LOOP('',(#545,#546,#547,#548));
#1255=EDGE_LOOP('',(#549,#550,#551,#552));
#1256=EDGE_LOOP('',(#553,#554,#555,#556,#557,#558,#559,#560,#561,#562,#563,
#564));
#1257=EDGE_LOOP('',(#565,#566,#567,#568));
#1258=EDGE_LOOP('',(#569));
#1259=EDGE_LOOP('',(#570));
#1260=EDGE_LOOP('',(#571,#572,#573,#574,#575,#576,#577,#578,#579,#580,#581,
#582,#583,#584,#585,#586,#587,#588,#589,#590));
#1261=EDGE_LOOP('',(#591));
#1262=EDGE_LOOP('',(#592,#593,#594,#595));
#1263=EDGE_LOOP('',(#596,#597,#598,#599));
#1264=EDGE_LOOP('',(#600,#601,#602,#603));
#1265=EDGE_LOOP('',(#604,#605,#606,#607));
#1266=EDGE_LOOP('',(#608,#609,#610,#611));
#1267=EDGE_LOOP('',(#612,#613,#614,#615));
#1268=EDGE_LOOP('',(#616,#617,#618,#619));
#1269=EDGE_LOOP('',(#620,#621,#622,#623));
#1270=EDGE_LOOP('',(#624,#625,#626,#627));
#1271=EDGE_LOOP('',(#628,#629,#630,#631));
#1272=EDGE_LOOP('',(#632,#633,#634,#635));
#1273=EDGE_LOOP('',(#636,#637,#638,#639));
#1274=EDGE_LOOP('',(#640,#641,#642,#643));
#1275=EDGE_LOOP('',(#644,#645,#646,#647));
#1276=EDGE_LOOP('',(#648,#649,#650,#651));
#1277=EDGE_LOOP('',(#652,#653,#654,#655));
#1278=EDGE_LOOP('',(#656,#657,#658,#659,#660,#661,#662,#663));
#1279=EDGE_LOOP('',(#664,#665,#666,#667));
#1280=EDGE_LOOP('',(#668,#669,#670,#671));
#1281=EDGE_LOOP('',(#672,#673,#674,#675,#676,#677,#678,#679));
#1282=EDGE_LOOP('',(#680,#681,#682,#683));
#1283=EDGE_LOOP('',(#684,#685,#686,#687));
#1284=EDGE_LOOP('',(#688,#689,#690,#691,#692,#693));
#1285=EDGE_LOOP('',(#694,#695,#696,#697,#698,#699));
#1286=EDGE_LOOP('',(#700,#701,#702,#703));
#1287=EDGE_LOOP('',(#704,#705,#706,#707));
#1288=EDGE_LOOP('',(#708,#709,#710,#711,#712,#713));
#1289=EDGE_LOOP('',(#714,#715,#716,#717,#718,#719));
#1290=EDGE_LOOP('',(#720,#721,#722,#723));
#1291=EDGE_LOOP('',(#724,#725,#726,#727));
#1292=EDGE_LOOP('',(#728,#729,#730,#731,#732,#733));
#1293=EDGE_LOOP('',(#734,#735,#736,#737,#738,#739));
#1294=EDGE_LOOP('',(#740,#741,#742,#743));
#1295=EDGE_LOOP('',(#744,#745,#746,#747,#748,#749));
#1296=EDGE_LOOP('',(#750,#751,#752,#753,#754,#755));
#1297=EDGE_LOOP('',(#756,#757,#758,#759));
#1298=EDGE_LOOP('',(#760,#761,#762,#763,#764,#765));
#1299=EDGE_LOOP('',(#766,#767,#768,#769,#770,#771));
#1300=EDGE_LOOP('',(#772,#773,#774,#775));
#1301=EDGE_LOOP('',(#776,#777,#778,#779));
#1302=EDGE_LOOP('',(#780,#781,#782,#783));
#1303=EDGE_LOOP('',(#784,#785,#786,#787));
#1304=EDGE_LOOP('',(#788,#789,#790,#791));
#1305=EDGE_LOOP('',(#792,#793,#794,#795));
#1306=EDGE_LOOP('',(#796,#797,#798,#799));
#1307=EDGE_LOOP('',(#800,#801,#802,#803));
#1308=EDGE_LOOP('',(#804,#805,#806,#807));
#1309=EDGE_LOOP('',(#808,#809,#810,#811,#812,#813,#814,#815));
#1310=EDGE_LOOP('',(#816,#817,#818,#819));
#1311=EDGE_LOOP('',(#820,#821,#822,#823));
#1312=EDGE_LOOP('',(#824,#825,#826,#827));
#1313=EDGE_LOOP('',(#828,#829,#830,#831));
#1314=EDGE_LOOP('',(#832,#833,#834,#835));
#1315=EDGE_LOOP('',(#836,#837,#838,#839));
#1316=EDGE_LOOP('',(#840,#841,#842,#843));
#1317=FACE_BOUND('',#1237,.T.);
#1318=FACE_BOUND('',#1238,.T.);
#1319=FACE_BOUND('',#1239,.T.);
#1320=FACE_BOUND('',#1240,.T.);
#1321=FACE_BOUND('',#1241,.T.);
#1322=FACE_BOUND('',#1242,.T.);
#1323=FACE_BOUND('',#1243,.T.);
#1324=FACE_BOUND('',#1244,.T.);
#1325=FACE_BOUND('',#1245,.T.);
#1326=FACE_BOUND('',#1246,.T.);
#1327=FACE_BOUND('',#1247,.T.);
#1328=FACE_BOUND('',#1248,.T.);
#1329=FACE_BOUND('',#1249,.T.);
#1330=FACE_BOUND('',#1250,.T.);
#1331=FACE_BOUND('',#1251,.T.);
#1332=FACE_BOUND('',#1252,.T.);
#1333=FACE_BOUND('',#1253,.T.);
#1334=FACE_BOUND('',#1254,.T.);
#1335=FACE_BOUND('',#1255,.T.);
#1336=FACE_BOUND('',#1256,.T.);
#1337=FACE_BOUND('',#1257,.T.);
#1338=FACE_BOUND('',#1258,.T.);
#1339=FACE_BOUND('',#1259,.T.);
#1340=FACE_BOUND('',#1260,.T.);
#1341=FACE_BOUND('',#1261,.T.);
#1342=FACE_BOUND('',#1262,.T.);
#1343=FACE_BOUND('',#1263,.T.);
#1344=FACE_BOUND('',#1264,.T.);
#1345=FACE_BOUND('',#1265,.T.);
#1346=FACE_BOUND('',#1266,.T.);
#1347=FACE_BOUND('',#1267,.T.);
#1348=FACE_BOUND('',#1268,.T.);
#1349=FACE_BOUND('',#1269,.T.);
#1350=FACE_BOUND('',#1270,.T.);
#1351=FACE_BOUND('',#1271,.T.);
#1352=FACE_BOUND('',#1272,.T.);
#1353=FACE_BOUND('',#1273,.T.);
#1354=FACE_BOUND('',#1274,.T.);
#1355=FACE_BOUND('',#1275,.T.);
#1356=FACE_BOUND('',#1276,.T.);
#1357=FACE_BOUND('',#1277,.T.);
#1358=FACE_BOUND('',#1278,.T.);
#1359=FACE_BOUND('',#1279,.T.);
#1360=FACE_BOUND('',#1280,.T.);
#1361=FACE_BOUND('',#1281,.T.);
#1362=FACE_BOUND('',#1282,.T.);
#1363=FACE_BOUND('',#1283,.T.);
#1364=FACE_BOUND('',#1284,.T.);
#1365=FACE_BOUND('',#1285,.T.);
#1366=FACE_BOUND('',#1286,.T.);
#1367=FACE_BOUND('',#1287,.T.);
#1368=FACE_BOUND('',#1288,.T.);
#1369=FACE_BOUND('',#1289,.T.);
#1370=FACE_BOUND('',#1290,.T.);
#1371=FACE_BOUND('',#1291,.T.);
#1372=FACE_BOUND('',#1292,.T.);
#1373=FACE_BOUND('',#1293,.T.);
#1374=FACE_BOUND('',#1294,.T.);
#1375=FACE_BOUND('',#1295,.T.);
#1376=FACE_BOUND('',#1296,.T.);
#1377=FACE_BOUND('',#1297,.T.);
#1378=FACE_BOUND('',#1298,.T.);
#1379=FACE_BOUND('',#1299,.T.);
#1380=FACE_BOUND('',#1300,.T.);
#1381=FACE_BOUND('',#1301,.T.);
#1382=FACE_BOUND('',#1302,.T.);
#1383=FACE_BOUND('',#1303,.T.);
#1384=FACE_BOUND('',#1304,.T.);
#1385=FACE_BOUND('',#1305,.T.);
#1386=FACE_BOUND('',#1306,.T.);
#1387=FACE_BOUND('',#1307,.T.);
#1388=FACE_BOUND('',#1308,.T.);
#1389=FACE_BOUND('',#1309,.T.);
#1390=FACE_BOUND('',#1310,.T.);
#1391=FACE_BOUND('',#1311,.T.);
#1392=FACE_BOUND('',#1312,.T.);
#1393=FACE_BOUND('',#1313,.T.);
#1394=FACE_BOUND('',#1314,.T.);
#1395=FACE_BOUND('',#1315,.T.);
#1396=FACE_BOUND('',#1316,.T.);
#1397=CYLINDRICAL_SURFACE('',#1486,0.0433978414763627);
#1398=CYLINDRICAL_SURFACE('',#1506,0.0483978414763627);
#1399=CYLINDRICAL_SURFACE('',#1561,0.0005);
#1400=CYLINDRICAL_SURFACE('',#1586,0.00168);
#1401=CYLINDRICAL_SURFACE('',#1588,0.00168);
#1402=CYLINDRICAL_SURFACE('',#1590,0.00168);
#1403=CYLINDRICAL_SURFACE('',#1591,0.00168);
#1404=ADVANCED_FACE('',(#1317,#1318),#1397,.F.);
#1405=ADVANCED_FACE('',(#1319,#1320,#1321,#1322,#1323,#1324,#1325,#1326,
#1327),#1398,.T.);
#1406=ADVANCED_FACE('',(#1328),#12,.T.);
#1407=ADVANCED_FACE('',(#1329),#13,.T.);
#1408=ADVANCED_FACE('',(#1330),#14,.T.);
#1409=ADVANCED_FACE('',(#1331),#15,.T.);
#1410=ADVANCED_FACE('',(#1332),#16,.T.);
#1411=ADVANCED_FACE('',(#1333),#17,.T.);
#1412=ADVANCED_FACE('',(#1334),#18,.F.);
#1413=ADVANCED_FACE('',(#1335),#19,.F.);
#1414=ADVANCED_FACE('',(#1336),#20,.T.);
#1415=ADVANCED_FACE('',(#1337),#21,.F.);
#1416=ADVANCED_FACE('',(#1338,#1339),#22,.T.);
#1417=ADVANCED_FACE('',(#1340,#1341),#23,.F.);
#1418=ADVANCED_FACE('',(#1342),#24,.T.);
#1419=ADVANCED_FACE('',(#1343),#25,.T.);
#1420=ADVANCED_FACE('',(#1344),#26,.F.);
#1421=ADVANCED_FACE('',(#1345),#27,.F.);
#1422=ADVANCED_FACE('',(#1346),#28,.T.);
#1423=ADVANCED_FACE('',(#1347),#29,.F.);
#1424=ADVANCED_FACE('',(#1348),#30,.F.);
#1425=ADVANCED_FACE('',(#1349),#31,.T.);
#1426=ADVANCED_FACE('',(#1350),#32,.T.);
#1427=ADVANCED_FACE('',(#1351),#33,.T.);
#1428=ADVANCED_FACE('',(#1352),#34,.T.);
#1429=ADVANCED_FACE('',(#1353),#35,.T.);
#1430=ADVANCED_FACE('',(#1354),#36,.T.);
#1431=ADVANCED_FACE('',(#1355),#37,.T.);
#1432=ADVANCED_FACE('',(#1356),#38,.F.);
#1433=ADVANCED_FACE('',(#1357),#39,.F.);
#1434=ADVANCED_FACE('',(#1358),#40,.T.);
#1435=ADVANCED_FACE('',(#1359),#41,.T.);
#1436=ADVANCED_FACE('',(#1360),#42,.F.);
#1437=ADVANCED_FACE('',(#1361),#43,.F.);
#1438=ADVANCED_FACE('',(#1362),#44,.T.);
#1439=ADVANCED_FACE('',(#1363),#45,.T.);
#1440=ADVANCED_FACE('',(#1364),#46,.F.);
#1441=ADVANCED_FACE('',(#1365),#47,.T.);
#1442=ADVANCED_FACE('',(#1366),#1399,.F.);
#1443=ADVANCED_FACE('',(#1367),#48,.T.);
#1444=ADVANCED_FACE('',(#1368),#49,.F.);
#1445=ADVANCED_FACE('',(#1369),#50,.T.);
#1446=ADVANCED_FACE('',(#1370),#51,.T.);
#1447=ADVANCED_FACE('',(#1371),#52,.T.);
#1448=ADVANCED_FACE('',(#1372),#53,.F.);
#1449=ADVANCED_FACE('',(#1373),#54,.T.);
#1450=ADVANCED_FACE('',(#1374),#55,.T.);
#1451=ADVANCED_FACE('',(#1375),#56,.F.);
#1452=ADVANCED_FACE('',(#1376),#57,.T.);
#1453=ADVANCED_FACE('',(#1377),#58,.F.);
#1454=ADVANCED_FACE('',(#1378),#59,.F.);
#1455=ADVANCED_FACE('',(#1379),#60,.T.);
#1456=ADVANCED_FACE('',(#1380),#61,.F.);
#1457=ADVANCED_FACE('',(#1381),#62,.T.);
#1458=ADVANCED_FACE('',(#1382),#63,.T.);
#1459=ADVANCED_FACE('',(#1383),#64,.F.);
#1460=ADVANCED_FACE('',(#1384),#65,.F.);
#1461=ADVANCED_FACE('',(#1385),#66,.F.);
#1462=ADVANCED_FACE('',(#1386),#67,.F.);
#1463=ADVANCED_FACE('',(#1387),#68,.F.);
#1464=ADVANCED_FACE('',(#1388),#69,.F.);
#1465=ADVANCED_FACE('',(#1389),#70,.T.);
#1466=ADVANCED_FACE('',(#1390),#71,.T.);
#1467=ADVANCED_FACE('',(#1391),#1400,.F.);
#1468=ADVANCED_FACE('',(#1392),#72,.F.);
#1469=ADVANCED_FACE('',(#1393),#1401,.F.);
#1470=ADVANCED_FACE('',(#1394),#73,.F.);
#1471=ADVANCED_FACE('',(#1395),#1402,.F.);
#1472=ADVANCED_FACE('',(#1396),#1403,.F.);
#1473=CLOSED_SHELL('',(#1404,#1405,#1406,#1407,#1408,#1409,#1410,#1411,
#1412,#1413,#1414,#1415,#1416,#1417,#1418,#1419,#1420,#1421,#1422,#1423,
#1424,#1425,#1426,#1427,#1428,#1429,#1430,#1431,#1432,#1433,#1434,#1435,
#1436,#1437,#1438,#1439,#1440,#1441,#1442,#1443,#1444,#1445,#1446,#1447,
#1448,#1449,#1450,#1451,#1452,#1453,#1454,#1455,#1456,#1457,#1458,#1459,
#1460,#1461,#1462,#1463,#1464,#1465,#1466,#1467,#1468,#1469,#1470,#1471,
#1472));
#1474=STYLED_ITEM('',(#1475),#1482);
#1475=PRESENTATION_STYLE_ASSIGNMENT((#1476));
#1476=SURFACE_STYLE_USAGE(.BOTH.,#1477);
#1477=SURFACE_SIDE_STYLE('',(#1478));
#1478=SURFACE_STYLE_FILL_AREA(#1479);
#1479=FILL_AREA_STYLE('',(#1480));
#1480=FILL_AREA_STYLE_COLOUR('',#1481);
#1481=COLOUR_RGB('',0.615686274509804,0.811764705882353,0.929411764705882);
#1482=MANIFOLD_SOLID_BREP('Part 1',#1473);
#1483=SHAPE_DEFINITION_REPRESENTATION(#2438,#1484);
#1484=SHAPE_REPRESENTATION('Part 1',(#1485),#2433);
#1485=AXIS2_PLACEMENT_3D('',#1974,#1592,#1593);
#1486=AXIS2_PLACEMENT_3D('',#1975,#1594,#1595);
#1487=AXIS2_PLACEMENT_3D('',#1976,#1596,#1597);
#1488=AXIS2_PLACEMENT_3D('',#1978,#1598,#1599);
#1489=AXIS2_PLACEMENT_3D('',#1995,#1601,#1602);
#1490=AXIS2_PLACEMENT_3D('',#2011,#1604,#1605);
#1491=AXIS2_PLACEMENT_3D('',#2015,#1607,#1608);
#1492=AXIS2_PLACEMENT_3D('',#2019,#1610,#1611);
#1493=AXIS2_PLACEMENT_3D('',#2023,#1613,#1614);
#1494=AXIS2_PLACEMENT_3D('',#2027,#1616,#1617);
#1495=AXIS2_PLACEMENT_3D('',#2031,#1619,#1620);
#1496=AXIS2_PLACEMENT_3D('',#2035,#1622,#1623);
#1497=AXIS2_PLACEMENT_3D('',#2039,#1625,#1626);
#1498=AXIS2_PLACEMENT_3D('',#2043,#1628,#1629);
#1499=AXIS2_PLACEMENT_3D('',#2047,#1631,#1632);
#1500=AXIS2_PLACEMENT_3D('',#2051,#1634,#1635);
#1501=AXIS2_PLACEMENT_3D('',#2055,#1637,#1638);
#1502=AXIS2_PLACEMENT_3D('',#2059,#1640,#1641);
#1503=AXIS2_PLACEMENT_3D('',#2063,#1643,#1644);
#1504=AXIS2_PLACEMENT_3D('',#2067,#1646,#1647);
#1505=AXIS2_PLACEMENT_3D('',#2071,#1649,#1650);
#1506=AXIS2_PLACEMENT_3D('',#2074,#1652,#1653);
#1507=AXIS2_PLACEMENT_3D('',#2078,#1655,#1656);
#1508=AXIS2_PLACEMENT_3D('',#2082,#1658,#1659);
#1509=AXIS2_PLACEMENT_3D('',#2083,#1660,#1661);
#1510=AXIS2_PLACEMENT_3D('',#2088,#1663,#1664);
#1511=AXIS2_PLACEMENT_3D('',#2091,#1666,#1667);
#1512=AXIS2_PLACEMENT_3D('',#2093,#1668,#1669);
#1513=AXIS2_PLACEMENT_3D('',#2095,#1670,#1671);
#1514=AXIS2_PLACEMENT_3D('',#2100,#1673,#1674);
#1515=AXIS2_PLACEMENT_3D('',#2106,#1677,#1678);
#1516=AXIS2_PLACEMENT_3D('',#2110,#1680,#1681);
#1517=AXIS2_PLACEMENT_3D('',#2111,#1682,#1683);
#1518=AXIS2_PLACEMENT_3D('',#2116,#1685,#1686);
#1519=AXIS2_PLACEMENT_3D('',#2119,#1688,#1689);
#1520=AXIS2_PLACEMENT_3D('',#2124,#1691,#1692);
#1521=AXIS2_PLACEMENT_3D('',#2127,#1694,#1695);
#1522=AXIS2_PLACEMENT_3D('',#2144,#1697,#1698);
#1523=AXIS2_PLACEMENT_3D('',#2159,#1700,#1701);
#1524=AXIS2_PLACEMENT_3D('',#2175,#1715,#1716);
#1525=AXIS2_PLACEMENT_3D('',#2184,#1721,#1722);
#1526=AXIS2_PLACEMENT_3D('',#2193,#1727,#1728);
#1527=AXIS2_PLACEMENT_3D('',#2202,#1733,#1734);
#1528=AXIS2_PLACEMENT_3D('',#2211,#1739,#1740);
#1529=AXIS2_PLACEMENT_3D('',#2230,#1751,#1752);
#1530=AXIS2_PLACEMENT_3D('',#2239,#1757,#1758);
#1531=AXIS2_PLACEMENT_3D('',#2248,#1763,#1764);
#1532=AXIS2_PLACEMENT_3D('',#2267,#1775,#1776);
#1533=AXIS2_PLACEMENT_3D('',#2273,#1780,#1781);
#1534=AXIS2_PLACEMENT_3D('',#2274,#1782,#1783);
#1535=AXIS2_PLACEMENT_3D('',#2300,#1799,#1800);
#1536=AXIS2_PLACEMENT_3D('',#2306,#1804,#1805);
#1537=AXIS2_PLACEMENT_3D('',#2309,#1808,#1809);
#1538=AXIS2_PLACEMENT_3D('',#2310,#1810,#1811);
#1539=AXIS2_PLACEMENT_3D('',#2311,#1812,#1813);
#1540=AXIS2_PLACEMENT_3D('',#2314,#1816,#1817);
#1541=AXIS2_PLACEMENT_3D('',#2315,#1818,#1819);
#1542=AXIS2_PLACEMENT_3D('',#2316,#1820,#1821);
#1543=AXIS2_PLACEMENT_3D('',#2319,#1824,#1825);
#1544=AXIS2_PLACEMENT_3D('',#2320,#1826,#1827);
#1545=AXIS2_PLACEMENT_3D('',#2321,#1828,#1829);
#1546=AXIS2_PLACEMENT_3D('',#2324,#1832,#1833);
#1547=AXIS2_PLACEMENT_3D('',#2325,#1834,#1835);
#1548=AXIS2_PLACEMENT_3D('',#2326,#1836,#1837);
#1549=AXIS2_PLACEMENT_3D('',#2329,#1840,#1841);
#1550=AXIS2_PLACEMENT_3D('',#2331,#1843,#1844);
#1551=AXIS2_PLACEMENT_3D('',#2333,#1846,#1847);
#1552=AXIS2_PLACEMENT_3D('',#2337,#1850,#1851);
#1553=AXIS2_PLACEMENT_3D('',#2340,#1854,#1855);
#1554=AXIS2_PLACEMENT_3D('',#2342,#1857,#1858);
#1555=AXIS2_PLACEMENT_3D('',#2347,#1862,#1863);
#1556=AXIS2_PLACEMENT_3D('',#2348,#1864,#1865);
#1557=AXIS2_PLACEMENT_3D('',#2351,#1868,#1869);
#1558=AXIS2_PLACEMENT_3D('',#2352,#1870,#1871);
#1559=AXIS2_PLACEMENT_3D('',#2353,#1872,#1873);
#1560=AXIS2_PLACEMENT_3D('',#2354,#1874,#1875);
#1561=AXIS2_PLACEMENT_3D('',#2355,#1876,#1877);
#1562=AXIS2_PLACEMENT_3D('',#2356,#1878,#1879);
#1563=AXIS2_PLACEMENT_3D('',#2365,#1884,#1885);
#1564=AXIS2_PLACEMENT_3D('',#2368,#1888,#1889);
#1565=AXIS2_PLACEMENT_3D('',#2371,#1892,#1893);
#1566=AXIS2_PLACEMENT_3D('',#2372,#1894,#1895);
#1567=AXIS2_PLACEMENT_3D('',#2381,#1900,#1901);
#1568=AXIS2_PLACEMENT_3D('',#2384,#1904,#1905);
#1569=AXIS2_PLACEMENT_3D('',#2387,#1908,#1909);
#1570=AXIS2_PLACEMENT_3D('',#2388,#1910,#1911);
#1571=AXIS2_PLACEMENT_3D('',#2391,#1914,#1915);
#1572=AXIS2_PLACEMENT_3D('',#2394,#1918,#1919);
#1573=AXIS2_PLACEMENT_3D('',#2395,#1920,#1921);
#1574=AXIS2_PLACEMENT_3D('',#2398,#1924,#1925);
#1575=AXIS2_PLACEMENT_3D('',#2401,#1928,#1929);
#1576=AXIS2_PLACEMENT_3D('',#2402,#1930,#1931);
#1577=AXIS2_PLACEMENT_3D('',#2403,#1932,#1933);
#1578=AXIS2_PLACEMENT_3D('',#2404,#1934,#1935);
#1579=AXIS2_PLACEMENT_3D('',#2405,#1936,#1937);
#1580=AXIS2_PLACEMENT_3D('',#2406,#1938,#1939);
#1581=AXIS2_PLACEMENT_3D('',#2408,#1941,#1942);
#1582=AXIS2_PLACEMENT_3D('',#2412,#1945,#1946);
#1583=AXIS2_PLACEMENT_3D('',#2416,#1949,#1950);
#1584=AXIS2_PLACEMENT_3D('',#2418,#1952,#1953);
#1585=AXIS2_PLACEMENT_3D('',#2419,#1954,#1955);
#1586=AXIS2_PLACEMENT_3D('',#2422,#1958,#1959);
#1587=AXIS2_PLACEMENT_3D('',#2424,#1961,#1962);
#1588=AXIS2_PLACEMENT_3D('',#2426,#1964,#1965);
#1589=AXIS2_PLACEMENT_3D('',#2428,#1967,#1968);
#1590=AXIS2_PLACEMENT_3D('',#2430,#1970,#1971);
#1591=AXIS2_PLACEMENT_3D('',#2431,#1972,#1973);
#1592=DIRECTION('',(0.,0.,1.));
#1593=DIRECTION('',(1.,0.,0.));
#1594=DIRECTION('',(0.,0.,-1.));
#1595=DIRECTION('',(-1.,0.,0.));
#1596=DIRECTION('',(0.,0.,1.));
#1597=DIRECTION('',(1.,0.,0.));
#1598=DIRECTION('',(0.,0.,1.));
#1599=DIRECTION('',(1.,0.,0.));
#1600=DIRECTION('',(0.,0.,-1.));
#1601=DIRECTION('',(-4.32978028117747E-17,-4.32978028117747E-17,1.));
#1602=DIRECTION('',(1.,0.,4.32978028117747E-17));
#1603=DIRECTION('',(0.,0.,-1.));
#1604=DIRECTION('',(0.,0.,1.));
#1605=DIRECTION('',(1.,0.,0.));
#1606=DIRECTION('',(0.,0.,-1.));
#1607=DIRECTION('',(0.,0.,-1.));
#1608=DIRECTION('',(-1.,0.,0.));
#1609=DIRECTION('',(0.,0.,-1.));
#1610=DIRECTION('',(0.,0.,1.));
#1611=DIRECTION('',(1.,0.,0.));
#1612=DIRECTION('',(0.,0.,-1.));
#1613=DIRECTION('',(0.,0.,-1.));
#1614=DIRECTION('',(-1.,0.,0.));
#1615=DIRECTION('',(0.,0.,-1.));
#1616=DIRECTION('',(0.,0.,1.));
#1617=DIRECTION('',(1.,0.,0.));
#1618=DIRECTION('',(0.,0.,-1.));
#1619=DIRECTION('',(0.,0.,1.));
#1620=DIRECTION('',(1.,0.,0.));
#1621=DIRECTION('',(0.,0.,-1.));
#1622=DIRECTION('',(-4.32978028117746E-17,-4.32978028117747E-17,-1.));
#1623=DIRECTION('',(0.,1.,-4.32978028117747E-17));
#1624=DIRECTION('',(0.,0.,-1.));
#1625=DIRECTION('',(-4.32978028117746E-17,-4.32978028117747E-17,-1.));
#1626=DIRECTION('',(0.,1.,-4.32978028117747E-17));
#1627=DIRECTION('',(0.,0.,-1.));
#1628=DIRECTION('',(0.,0.,1.));
#1629=DIRECTION('',(1.,0.,0.));
#1630=DIRECTION('',(0.,0.,-1.));
#1631=DIRECTION('',(4.32978028117746E-17,4.32978028117747E-17,1.));
#1632=DIRECTION('',(0.,-1.,4.32978028117747E-17));
#1633=DIRECTION('',(0.,0.,-1.));
#1634=DIRECTION('',(4.32978028117746E-17,4.32978028117747E-17,1.));
#1635=DIRECTION('',(0.,-1.,4.32978028117747E-17));
#1636=DIRECTION('',(0.,0.,-1.));
#1637=DIRECTION('',(0.,0.,1.));
#1638=DIRECTION('',(1.,0.,0.));
#1639=DIRECTION('',(0.,0.,-1.));
#1640=DIRECTION('',(0.,0.,1.));
#1641=DIRECTION('',(1.,0.,0.));
#1642=DIRECTION('',(0.,0.,-1.));
#1643=DIRECTION('',(0.,0.,-1.));
#1644=DIRECTION('',(-1.,0.,0.));
#1645=DIRECTION('',(0.,0.,-1.));
#1646=DIRECTION('',(0.,0.,1.));
#1647=DIRECTION('',(1.,0.,0.));
#1648=DIRECTION('',(0.,0.,-1.));
#1649=DIRECTION('',(0.,0.,-1.));
#1650=DIRECTION('',(-1.,0.,0.));
#1651=DIRECTION('',(0.,0.,-1.));
#1652=DIRECTION('',(0.,0.,-1.));
#1653=DIRECTION('',(-1.,0.,0.));
#1654=DIRECTION('',(0.,0.,-1.));
#1655=DIRECTION('',(-4.32978028117746E-17,-4.32978028117747E-17,-1.));
#1656=DIRECTION('',(0.,1.,-4.32978028117747E-17));
#1657=DIRECTION('',(0.,0.,-1.));
#1658=DIRECTION('',(-4.32978028117746E-17,-4.32978028117747E-17,-1.));
#1659=DIRECTION('',(0.,1.,-4.32978028117747E-17));
#1660=DIRECTION('',(0.,0.,-1.));
#1661=DIRECTION('',(-1.,0.,0.));
#1662=DIRECTION('',(0.,0.,-1.));
#1663=DIRECTION('',(0.,0.,-1.));
#1664=DIRECTION('',(-1.,0.,0.));
#1665=DIRECTION('',(0.,0.,-1.));
#1666=DIRECTION('',(0.,0.,1.));
#1667=DIRECTION('',(1.,0.,0.));
#1668=DIRECTION('',(0.,0.,1.));
#1669=DIRECTION('',(1.,0.,0.));
#1670=DIRECTION('',(0.,0.,-1.));
#1671=DIRECTION('',(-1.,0.,0.));
#1672=DIRECTION('',(0.,0.,-1.));
#1673=DIRECTION('',(0.,0.,-1.));
#1674=DIRECTION('',(-1.,0.,0.));
#1675=DIRECTION('',(0.,0.,-1.));
#1676=DIRECTION('',(0.,0.,-1.));
#1677=DIRECTION('',(0.,0.,-1.));
#1678=DIRECTION('',(-1.,0.,0.));
#1679=DIRECTION('',(0.,0.,-1.));
#1680=DIRECTION('',(0.,0.,-1.));
#1681=DIRECTION('',(-1.,0.,0.));
#1682=DIRECTION('',(0.,0.,-1.));
#1683=DIRECTION('',(-1.,0.,0.));
#1684=DIRECTION('',(0.,0.,-1.));
#1685=DIRECTION('',(0.,0.,-1.));
#1686=DIRECTION('',(-1.,0.,0.));
#1687=DIRECTION('',(0.,0.,-1.));
#1688=DIRECTION('',(4.32978028117746E-17,4.32978028117747E-17,1.));
#1689=DIRECTION('',(0.,-1.,4.32978028117747E-17));
#1690=DIRECTION('',(0.,0.,-1.));
#1691=DIRECTION('',(4.32978028117746E-17,4.32978028117747E-17,1.));
#1692=DIRECTION('',(0.,-1.,4.32978028117747E-17));
#1693=DIRECTION('',(0.,0.,-1.));
#1694=DIRECTION('',(-4.32978028117747E-17,-4.32978028117747E-17,1.));
#1695=DIRECTION('',(1.,0.,4.32978028117747E-17));
#1696=DIRECTION('',(0.,0.,-1.));
#1697=DIRECTION('',(-4.32978028117747E-17,-4.32978028117747E-17,1.));
#1698=DIRECTION('',(1.,0.,4.32978028117747E-17));
#1699=DIRECTION('',(0.,0.,-1.));
#1700=DIRECTION('',(0.,0.,1.));
#1701=DIRECTION('',(1.,0.,0.));
#1702=DIRECTION('',(-0.707106781186547,-0.707106781186548,-6.12323399573677E-17));
#1703=DIRECTION('',(-0.707106781186547,-0.707106781186548,-6.12323399573677E-17));
#1704=DIRECTION('',(0.,1.,0.));
#1705=DIRECTION('',(0.,1.,0.));
#1706=DIRECTION('',(1.,0.,0.));
#1707=DIRECTION('',(1.,0.,0.));
#1708=DIRECTION('',(-0.707106781186548,-0.707106781186548,0.));
#1709=DIRECTION('',(0.707106781186548,-0.707106781186548,0.));
#1710=DIRECTION('',(-0.707106781186548,-0.707106781186548,0.));
#1711=DIRECTION('',(0.,1.,0.));
#1712=DIRECTION('',(0.,1.,0.));
#1713=DIRECTION('',(1.,0.,0.));
#1714=DIRECTION('',(1.,0.,0.));
#1715=DIRECTION('',(0.,-1.,0.));
#1716=DIRECTION('',(0.,0.,-1.));
#1717=DIRECTION('',(0.,0.,1.));
#1718=DIRECTION('',(1.,0.,0.));
#1719=DIRECTION('',(0.,0.,1.));
#1720=DIRECTION('',(1.,0.,0.));
#1721=DIRECTION('',(0.,-1.,0.));
#1722=DIRECTION('',(0.,0.,-1.));
#1723=DIRECTION('',(1.,0.,0.));
#1724=DIRECTION('',(-2.16840434497101E-16,0.,1.));
#1725=DIRECTION('',(1.,0.,0.));
#1726=DIRECTION('',(0.,0.,1.));
#1727=DIRECTION('',(0.,0.,1.));
#1728=DIRECTION('',(1.,0.,0.));
#1729=DIRECTION('',(0.,1.,0.));
#1730=DIRECTION('',(1.,0.,0.));
#1731=DIRECTION('',(0.,1.,0.));
#1732=DIRECTION('',(1.,0.,0.));
#1733=DIRECTION('',(-2.16840434497101E-16,0.,1.));
#1734=DIRECTION('',(1.,0.,2.16840434497101E-16));
#1735=DIRECTION('',(0.,1.,0.));
#1736=DIRECTION('',(1.,0.,2.16840434497101E-16));
#1737=DIRECTION('',(0.,1.,0.));
#1738=DIRECTION('',(1.,0.,2.16840434497101E-16));
#1739=DIRECTION('',(0.,0.,-1.));
#1740=DIRECTION('',(1.,0.,0.));
#1741=DIRECTION('',(0.,1.,0.));
#1742=DIRECTION('',(1.,0.,0.));
#1743=DIRECTION('',(0.,1.,0.));
#1744=DIRECTION('',(0.,1.,0.));
#1745=DIRECTION('',(1.,0.,0.));
#1746=DIRECTION('',(0.,1.,0.));
#1747=DIRECTION('',(1.,0.,0.));
#1748=DIRECTION('',(-3.46944695195362E-16,1.,0.));
#1749=DIRECTION('',(1.,3.46944695195362E-16,0.));
#1750=DIRECTION('',(-3.46944695195362E-16,1.,0.));
#1751=DIRECTION('',(0.,-1.,0.));
#1752=DIRECTION('',(0.,0.,-1.));
#1753=DIRECTION('',(1.,0.,0.));
#1754=DIRECTION('',(0.,0.,1.));
#1755=DIRECTION('',(1.,0.,0.));
#1756=DIRECTION('',(-2.16840434497101E-16,0.,1.));
#1757=DIRECTION('',(0.,-1.,0.));
#1758=DIRECTION('',(0.,0.,-1.));
#1759=DIRECTION('',(1.,0.,0.));
#1760=DIRECTION('',(0.,0.,1.));
#1761=DIRECTION('',(1.,0.,0.));
#1762=DIRECTION('',(0.,0.,1.));
#1763=DIRECTION('',(0.,0.,-1.));
#1764=DIRECTION('',(1.,0.,0.));
#1765=DIRECTION('',(1.,0.,0.));
#1766=DIRECTION('',(0.,1.,0.));
#1767=DIRECTION('',(0.,1.,0.));
#1768=DIRECTION('',(1.,0.,0.));
#1769=DIRECTION('',(0.,1.,0.));
#1770=DIRECTION('',(-3.46944695195362E-16,1.,0.));
#1771=DIRECTION('',(1.,3.46944695195362E-16,0.));
#1772=DIRECTION('',(-3.46944695195362E-16,1.,0.));
#1773=DIRECTION('',(1.,0.,0.));
#1774=DIRECTION('',(0.,1.,0.));
#1775=DIRECTION('',(0.,-1.,0.));
#1776=DIRECTION('',(0.,0.,-1.));
#1777=DIRECTION('',(0.,0.,1.));
#1778=DIRECTION('',(0.,0.,1.));
#1779=DIRECTION('',(1.,0.,0.));
#1780=DIRECTION('',(0.,0.,1.));
#1781=DIRECTION('',(1.,0.,0.));
#1782=DIRECTION('',(0.,0.,1.));
#1783=DIRECTION('',(1.,0.,0.));
#1784=DIRECTION('',(-3.46944695195362E-16,1.,0.));
#1785=DIRECTION('',(1.,0.,0.));
#1786=DIRECTION('',(0.,1.,0.));
#1787=DIRECTION('',(1.,0.,0.));
#1788=DIRECTION('',(0.,1.,0.));
#1789=DIRECTION('',(0.,1.,0.));
#1790=DIRECTION('',(1.,0.,0.));
#1791=DIRECTION('',(0.,1.,0.));
#1792=DIRECTION('',(-3.46944695195362E-16,1.,0.));
#1793=DIRECTION('',(0.,1.,0.));
#1794=DIRECTION('',(1.,0.,0.));
#1795=DIRECTION('',(0.,1.,0.));
#1796=DIRECTION('',(0.,1.,0.));
#1797=DIRECTION('',(1.,0.,0.));
#1798=DIRECTION('',(0.,1.,0.));
#1799=DIRECTION('',(0.,0.,1.));
#1800=DIRECTION('',(1.,0.,0.));
#1801=DIRECTION('',(-0.707106781186548,-0.707106781186548,0.));
#1802=DIRECTION('',(0.707106781186548,-0.707106781186548,0.));
#1803=DIRECTION('',(-0.707106781186548,-0.707106781186548,0.));
#1804=DIRECTION('',(0.,0.,-1.));
#1805=DIRECTION('',(-1.,0.,0.));
#1806=DIRECTION('',(1.,0.,0.));
#1807=DIRECTION('',(1.,0.,0.));
#1808=DIRECTION('',(0.,-1.,0.));
#1809=DIRECTION('',(0.,0.,-1.));
#1810=DIRECTION('',(0.,1.,0.));
#1811=DIRECTION('',(0.,0.,1.));
#1812=DIRECTION('',(0.,0.,-1.));
#1813=DIRECTION('',(-1.,0.,0.));
#1814=DIRECTION('',(1.,0.,0.));
#1815=DIRECTION('',(1.,0.,0.));
#1816=DIRECTION('',(0.,1.,0.));
#1817=DIRECTION('',(0.,0.,1.));
#1818=DIRECTION('',(0.,-1.,0.));
#1819=DIRECTION('',(0.,0.,-1.));
#1820=DIRECTION('',(0.,0.,-1.));
#1821=DIRECTION('',(-1.,0.,0.));
#1822=DIRECTION('',(0.,1.,0.));
#1823=DIRECTION('',(0.,1.,0.));
#1824=DIRECTION('',(-1.,0.,0.));
#1825=DIRECTION('',(0.,0.,1.));
#1826=DIRECTION('',(1.,0.,0.));
#1827=DIRECTION('',(0.,0.,-1.));
#1828=DIRECTION('',(0.,0.,-1.));
#1829=DIRECTION('',(-1.,0.,0.));
#1830=DIRECTION('',(0.,1.,0.));
#1831=DIRECTION('',(0.,1.,0.));
#1832=DIRECTION('',(1.,0.,0.));
#1833=DIRECTION('',(0.,0.,-1.));
#1834=DIRECTION('',(-1.,0.,0.));
#1835=DIRECTION('',(0.,0.,1.));
#1836=DIRECTION('',(4.32978028117746E-17,4.32978028117747E-17,1.));
#1837=DIRECTION('',(0.,-1.,4.32978028117747E-17));
#1838=DIRECTION('',(0.707106781186547,0.707106781186548,-6.12323399573677E-17));
#1839=DIRECTION('',(0.707106781186547,0.707106781186548,-6.12323399573677E-17));
#1840=DIRECTION('',(-0.707106781186548,0.707106781186547,-3.85185988877447E-33));
#1841=DIRECTION('',(-0.707106781186547,-0.707106781186548,0.));
#1842=DIRECTION('',(0.707106781186547,0.707106781186548,-6.12323399573677E-17));
#1843=DIRECTION('',(4.32978028117746E-17,4.32978028117747E-17,1.));
#1844=DIRECTION('',(0.,-1.,4.32978028117747E-17));
#1845=DIRECTION('',(0.707106781186547,0.707106781186548,-6.12323399573677E-17));
#1846=DIRECTION('',(-0.707106781186548,0.707106781186547,-3.85185988877447E-33));
#1847=DIRECTION('',(-0.707106781186547,-0.707106781186548,0.));
#1848=DIRECTION('',(0.,0.,-1.));
#1849=DIRECTION('',(-0.707106781186548,-0.707106781186548,0.));
#1850=DIRECTION('',(-0.707106781186548,0.707106781186547,-3.85185988877447E-33));
#1851=DIRECTION('',(-0.707106781186547,-0.707106781186548,0.));
#1852=DIRECTION('',(0.707106781186547,0.707106781186548,-6.12323399573677E-17));
#1853=DIRECTION('',(0.707106781186547,0.707106781186548,-6.12323399573677E-17));
#1854=DIRECTION('',(-4.32978028117746E-17,-4.32978028117747E-17,-1.));
#1855=DIRECTION('',(0.,1.,-4.32978028117747E-17));
#1856=DIRECTION('',(0.707106781186547,0.707106781186548,-6.12323399573677E-17));
#1857=DIRECTION('',(-0.707106781186548,0.707106781186547,-3.85185988877447E-33));
#1858=DIRECTION('',(-0.707106781186547,-0.707106781186548,0.));
#1859=DIRECTION('',(0.707106781186547,0.707106781186548,-6.12323399573677E-17));
#1860=DIRECTION('',(-0.707106781186548,-0.707106781186548,0.));
#1861=DIRECTION('',(0.,0.,-1.));
#1862=DIRECTION('',(-4.32978028117746E-17,-4.32978028117747E-17,-1.));
#1863=DIRECTION('',(0.,1.,-4.32978028117747E-17));
#1864=DIRECTION('',(0.,-1.,0.));
#1865=DIRECTION('',(0.,0.,-1.));
#1866=DIRECTION('',(0.,0.,1.));
#1867=DIRECTION('',(0.,0.,1.));
#1868=DIRECTION('',(1.,3.46944695195362E-16,0.));
#1869=DIRECTION('',(-3.46944695195362E-16,1.,0.));
#1870=DIRECTION('',(1.,3.46944695195362E-16,0.));
#1871=DIRECTION('',(-3.46944695195362E-16,1.,0.));
#1872=DIRECTION('',(1.,3.46944695195362E-16,0.));
#1873=DIRECTION('',(-3.46944695195362E-16,1.,0.));
#1874=DIRECTION('',(1.,3.46944695195362E-16,0.));
#1875=DIRECTION('',(-3.46944695195362E-16,1.,0.));
#1876=DIRECTION('',(1.,3.46944695195362E-16,0.));
#1877=DIRECTION('',(-3.46944695195362E-16,1.,0.));
#1878=DIRECTION('',(0.,0.,1.));
#1879=DIRECTION('',(1.,0.,0.));
#1880=DIRECTION('',(1.,0.,0.));
#1881=DIRECTION('',(0.,1.,0.));
#1882=DIRECTION('',(1.,0.,0.));
#1883=DIRECTION('',(0.,1.,0.));
#1884=DIRECTION('',(-1.,0.,0.));
#1885=DIRECTION('',(0.,0.,1.));
#1886=DIRECTION('',(0.,0.,1.));
#1887=DIRECTION('',(0.,0.,-1.));
#1888=DIRECTION('',(-1.,0.,0.));
#1889=DIRECTION('',(0.,0.,1.));
#1890=DIRECTION('',(0.,0.,-1.));
#1891=DIRECTION('',(0.,0.,1.));
#1892=DIRECTION('',(0.,1.,0.));
#1893=DIRECTION('',(-1.,0.,0.));
#1894=DIRECTION('',(-2.16840434497101E-16,0.,1.));
#1895=DIRECTION('',(1.,0.,2.16840434497101E-16));
#1896=DIRECTION('',(1.,0.,2.16840434497101E-16));
#1897=DIRECTION('',(0.,1.,0.));
#1898=DIRECTION('',(1.,0.,2.16840434497101E-16));
#1899=DIRECTION('',(0.,1.,0.));
#1900=DIRECTION('',(-1.,0.,-2.16840434497101E-16));
#1901=DIRECTION('',(-2.16840434497101E-16,0.,1.));
#1902=DIRECTION('',(-2.16840434497101E-16,0.,1.));
#1903=DIRECTION('',(0.,0.,-1.));
#1904=DIRECTION('',(-1.,0.,0.));
#1905=DIRECTION('',(0.,0.,1.));
#1906=DIRECTION('',(0.,0.,-1.));
#1907=DIRECTION('',(0.,0.,1.));
#1908=DIRECTION('',(0.,1.,0.));
#1909=DIRECTION('',(-1.,0.,0.));
#1910=DIRECTION('',(-1.,0.,0.));
#1911=DIRECTION('',(0.,0.,1.));
#1912=DIRECTION('',(0.,0.,1.));
#1913=DIRECTION('',(0.,0.,-1.));
#1914=DIRECTION('',(-1.,0.,0.));
#1915=DIRECTION('',(0.,0.,1.));
#1916=DIRECTION('',(0.,0.,1.));
#1917=DIRECTION('',(0.,0.,-1.));
#1918=DIRECTION('',(0.,1.,0.));
#1919=DIRECTION('',(-1.,0.,0.));
#1920=DIRECTION('',(-1.,0.,-2.16840434497101E-16));
#1921=DIRECTION('',(-2.16840434497101E-16,0.,1.));
#1922=DIRECTION('',(-2.16840434497101E-16,0.,1.));
#1923=DIRECTION('',(0.,0.,-1.));
#1924=DIRECTION('',(-1.,0.,0.));
#1925=DIRECTION('',(0.,0.,1.));
#1926=DIRECTION('',(0.,0.,1.));
#1927=DIRECTION('',(0.,0.,-1.));
#1928=DIRECTION('',(0.,1.,0.));
#1929=DIRECTION('',(-1.,0.,0.));
#1930=DIRECTION('',(0.,1.,0.));
#1931=DIRECTION('',(-1.,0.,0.));
#1932=DIRECTION('',(0.,1.,0.));
#1933=DIRECTION('',(-1.,0.,0.));
#1934=DIRECTION('',(0.,1.,0.));
#1935=DIRECTION('',(-1.,0.,0.));
#1936=DIRECTION('',(0.,1.,0.));
#1937=DIRECTION('',(-1.,0.,0.));
#1938=DIRECTION('',(-0.707106781186548,-0.707106781186548,0.));
#1939=DIRECTION('',(0.707106781186548,-0.707106781186548,0.));
#1940=DIRECTION('',(0.707106781186548,-0.707106781186548,0.));
#1941=DIRECTION('',(0.707106781186548,-0.707106781186548,0.));
#1942=DIRECTION('',(0.707106781186548,0.707106781186548,0.));
#1943=DIRECTION('',(0.,0.,-1.));
#1944=DIRECTION('',(-0.707106781186548,-0.707106781186548,0.));
#1945=DIRECTION('',(0.707106781186548,0.707106781186548,0.));
#1946=DIRECTION('',(-0.707106781186548,0.707106781186548,0.));
#1947=DIRECTION('',(0.,0.,-1.));
#1948=DIRECTION('',(0.707106781186548,-0.707106781186548,0.));
#1949=DIRECTION('',(-0.707106781186548,0.707106781186548,0.));
#1950=DIRECTION('',(-0.707106781186548,-0.707106781186548,0.));
#1951=DIRECTION('',(-0.707106781186548,-0.707106781186548,0.));
#1952=DIRECTION('',(0.,0.,1.));
#1953=DIRECTION('',(1.,0.,0.));
#1954=DIRECTION('',(0.707106781186548,-0.707106781186547,-3.85185988877447E-33));
#1955=DIRECTION('',(0.707106781186547,0.707106781186548,0.));
#1956=DIRECTION('',(-0.707106781186547,-0.707106781186548,-6.12323399573677E-17));
#1957=DIRECTION('',(-0.707106781186547,-0.707106781186548,-6.12323399573677E-17));
#1958=DIRECTION('',(-0.707106781186547,-0.707106781186548,-6.12323399573677E-17));
#1959=DIRECTION('',(0.707106781186548,-0.707106781186547,0.));
#1960=DIRECTION('',(-0.707106781186547,-0.707106781186548,-6.12323399573677E-17));
#1961=DIRECTION('',(-4.32978028117747E-17,-4.32978028117747E-17,1.));
#1962=DIRECTION('',(1.,0.,4.32978028117747E-17));
#1963=DIRECTION('',(-0.707106781186547,-0.707106781186548,-6.12323399573677E-17));
#1964=DIRECTION('',(-0.707106781186547,-0.707106781186548,-6.12323399573677E-17));
#1965=DIRECTION('',(0.707106781186548,-0.707106781186547,0.));
#1966=DIRECTION('',(-0.707106781186547,-0.707106781186548,-6.12323399573677E-17));
#1967=DIRECTION('',(0.707106781186548,-0.707106781186547,-3.85185988877447E-33));
#1968=DIRECTION('',(0.707106781186547,0.707106781186548,0.));
#1969=DIRECTION('',(-0.707106781186547,-0.707106781186548,-6.12323399573677E-17));
#1970=DIRECTION('',(-0.707106781186547,-0.707106781186548,-6.12323399573677E-17));
#1971=DIRECTION('',(0.707106781186548,-0.707106781186547,0.));
#1972=DIRECTION('',(-0.707106781186547,-0.707106781186548,-6.12323399573677E-17));
#1973=DIRECTION('',(0.707106781186548,-0.707106781186547,0.));
#1974=CARTESIAN_POINT('',(0.,0.,0.));
#1975=CARTESIAN_POINT('',(0.,0.,0.012));
#1976=CARTESIAN_POINT('',(0.,0.,0.012));
#1977=CARTESIAN_POINT('',(0.0433978414763627,0.,0.012));
#1978=CARTESIAN_POINT('',(0.,0.,0.002));
#1979=CARTESIAN_POINT('',(-0.0282493844615777,-0.0329445734886564,0.002));
#1980=CARTESIAN_POINT('',(-0.0025,-0.0433257734473086,0.002));
#1981=CARTESIAN_POINT('',(-0.0282493844615777,-0.0329445734886564,0.002));
#1982=CARTESIAN_POINT('',(-0.027911810964057,-0.0332340367448368,0.002));
#1983=CARTESIAN_POINT('',(-0.027239478697105,-0.0337890853394481,0.00236357488710824));
#1984=CARTESIAN_POINT('',(-0.0269470237689697,-0.0340180915808352,0.00323526672075679));
#1985=CARTESIAN_POINT('',(-0.0269470237689697,-0.0340180915808352,0.00368));
#1986=CARTESIAN_POINT('',(-0.0269470237689697,-0.0340180915808352,0.00368));
#1987=CARTESIAN_POINT('',(-0.0269470237689697,-0.0340180915808352,0.012));
#1988=CARTESIAN_POINT('',(-0.0269470237689697,-0.0340180915808352,0.00532));
#1989=CARTESIAN_POINT('',(-0.0269470237689697,-0.0340180915808352,0.00532));
#1990=CARTESIAN_POINT('',(-0.0269470237689697,-0.0340180915808352,0.00576469902122087));
#1991=CARTESIAN_POINT('',(-0.027238168724468,-0.0337901483299662,0.00663478742491267));
#1992=CARTESIAN_POINT('',(-0.027911841741446,-0.0332340103537744,0.00699999999999999));
#1993=CARTESIAN_POINT('',(-0.0282493844615777,-0.0329445734886564,0.007));
#1994=CARTESIAN_POINT('',(-0.0282493844615777,-0.0329445734886564,0.007));
#1995=CARTESIAN_POINT('',(0.,0.,0.007));
#1996=CARTESIAN_POINT('',(-0.0329445734886564,-0.0282493844615778,0.007));
#1997=CARTESIAN_POINT('',(-0.0329445734886564,-0.0282493844615778,0.007));
#1998=CARTESIAN_POINT('',(-0.0332340367448368,-0.027911810964057,0.007));
#1999=CARTESIAN_POINT('',(-0.033789085339448,-0.0272394786971051,0.00663642511289177));
#2000=CARTESIAN_POINT('',(-0.0340180915808352,-0.0269470237689698,0.00576473327924322));
#2001=CARTESIAN_POINT('',(-0.0340180915808352,-0.0269470237689698,0.00532));
#2002=CARTESIAN_POINT('',(-0.0340180915808352,-0.0269470237689697,0.00532));
#2003=CARTESIAN_POINT('',(-0.0340180915808352,-0.0269470237689697,0.012));
#2004=CARTESIAN_POINT('',(-0.0340180915808352,-0.0269470237689697,0.00368));
#2005=CARTESIAN_POINT('',(-0.0340180915808352,-0.0269470237689697,0.00368));
#2006=CARTESIAN_POINT('',(-0.0340180915808352,-0.0269470237689697,0.00323530097877912));
#2007=CARTESIAN_POINT('',(-0.0337901483299662,-0.0272381687244681,0.00236521257508733));
#2008=CARTESIAN_POINT('',(-0.0332340103537744,-0.0279118417414461,0.002));
#2009=CARTESIAN_POINT('',(-0.0329445734886564,-0.0282493844615778,0.002));
#2010=CARTESIAN_POINT('',(-0.0329445734886564,-0.0282493844615778,0.002));
#2011=CARTESIAN_POINT('',(0.,0.,0.002));
#2012=CARTESIAN_POINT('',(-0.0433257734473086,-0.0025,0.002));
#2013=CARTESIAN_POINT('',(-0.0433257734473086,-0.0025,0.012));
#2014=CARTESIAN_POINT('',(-0.0433257734473086,-0.0025,0.005));
#2015=CARTESIAN_POINT('',(0.,0.,0.005));
#2016=CARTESIAN_POINT('',(-0.0433257734473086,0.0025,0.005));
#2017=CARTESIAN_POINT('',(-0.0433257734473086,0.0025,0.012));
#2018=CARTESIAN_POINT('',(-0.0433257734473086,0.0025,0.002));
#2019=CARTESIAN_POINT('',(0.,0.,0.002));
#2020=CARTESIAN_POINT('',(-0.0025,0.0433257734473086,0.002));
#2021=CARTESIAN_POINT('',(-0.0025,0.0433257734473086,0.012));
#2022=CARTESIAN_POINT('',(-0.0025,0.0433257734473086,0.005));
#2023=CARTESIAN_POINT('',(0.,0.,0.005));
#2024=CARTESIAN_POINT('',(0.0025,0.0433257734473086,0.005));
#2025=CARTESIAN_POINT('',(0.0025,0.0433257734473086,0.012));
#2026=CARTESIAN_POINT('',(0.0025,0.0433257734473086,0.002));
#2027=CARTESIAN_POINT('',(0.,0.,0.002));
#2028=CARTESIAN_POINT('',(0.021772547354817,0.0375410285752769,0.002));
#2029=CARTESIAN_POINT('',(0.021772547354817,0.0375410285752769,0.012));
#2030=CARTESIAN_POINT('',(0.021772547354817,0.0375410285752769,0.0085));
#2031=CARTESIAN_POINT('',(0.,0.,0.0085));
#2032=CARTESIAN_POINT('',(0.0235270573505268,0.0364671114462406,0.0085));
#2033=CARTESIAN_POINT('',(0.0235270573505268,0.0364671114462406,0.012));
#2034=CARTESIAN_POINT('',(0.0235270573505268,0.0364671114462406,0.0086));
#2035=CARTESIAN_POINT('',(0.,0.,0.0086));
#2036=CARTESIAN_POINT('',(0.0284543529247923,0.0327677042900302,0.0086));
#2037=CARTESIAN_POINT('',(0.0284543529247923,0.0327677042900302,0.012));
#2038=CARTESIAN_POINT('',(0.0284543529247923,0.0327677042900302,0.0025));
#2039=CARTESIAN_POINT('',(0.,0.,0.0025));
#2040=CARTESIAN_POINT('',(0.0235270573505268,0.0364671114462406,0.0025));
#2041=CARTESIAN_POINT('',(0.0235270573505268,0.0364671114462406,0.012));
#2042=CARTESIAN_POINT('',(0.0235270573505268,0.0364671114462406,0.002));
#2043=CARTESIAN_POINT('',(0.,0.,0.002));
#2044=CARTESIAN_POINT('',(0.0364671114462406,0.0235270573505268,0.002));
#2045=CARTESIAN_POINT('',(0.0364671114462406,0.0235270573505268,0.012));
#2046=CARTESIAN_POINT('',(0.0364671114462406,0.0235270573505268,0.0025));
#2047=CARTESIAN_POINT('',(0.,0.,0.0025));
#2048=CARTESIAN_POINT('',(0.0327677042900303,0.0284543529247923,0.0025));
#2049=CARTESIAN_POINT('',(0.0327677042900303,0.0284543529247923,0.012));
#2050=CARTESIAN_POINT('',(0.0327677042900303,0.0284543529247923,0.0086));
#2051=CARTESIAN_POINT('',(0.,0.,0.0086));
#2052=CARTESIAN_POINT('',(0.0364671114462406,0.0235270573505268,0.0086));
#2053=CARTESIAN_POINT('',(0.0364671114462406,0.0235270573505268,0.012));
#2054=CARTESIAN_POINT('',(0.0364671114462406,0.0235270573505268,0.0085));
#2055=CARTESIAN_POINT('',(0.,0.,0.0085));
#2056=CARTESIAN_POINT('',(0.037541028575277,0.0217725473548169,0.0085));
#2057=CARTESIAN_POINT('',(0.037541028575277,0.0217725473548169,0.012));
#2058=CARTESIAN_POINT('',(0.037541028575277,0.0217725473548169,0.002));
#2059=CARTESIAN_POINT('',(0.,0.,0.002));
#2060=CARTESIAN_POINT('',(0.0433257734473086,0.0025,0.002));
#2061=CARTESIAN_POINT('',(0.0433257734473086,0.0025,0.012));
#2062=CARTESIAN_POINT('',(0.0433257734473086,0.0025,0.005));
#2063=CARTESIAN_POINT('',(0.,0.,0.005));
#2064=CARTESIAN_POINT('',(0.0433257734473086,-0.0025,0.005));
#2065=CARTESIAN_POINT('',(0.0433257734473086,-0.0025,0.012));
#2066=CARTESIAN_POINT('',(0.0433257734473086,-0.0025,0.002));
#2067=CARTESIAN_POINT('',(0.,0.,0.002));
#2068=CARTESIAN_POINT('',(0.0025,-0.0433257734473086,0.002));
#2069=CARTESIAN_POINT('',(0.0025,-0.0433257734473086,0.012));
#2070=CARTESIAN_POINT('',(0.0025,-0.0433257734473086,0.005));
#2071=CARTESIAN_POINT('',(0.,0.,0.005));
#2072=CARTESIAN_POINT('',(-0.0025,-0.0433257734473086,0.005));
#2073=CARTESIAN_POINT('',(-0.0025,-0.0433257734473086,0.012));
#2074=CARTESIAN_POINT('',(0.,0.,0.012));
#2075=CARTESIAN_POINT('',(0.0319977424764651,0.0363110938417029,0.012));
#2076=CARTESIAN_POINT('',(0.0319977424764651,0.0363110938417029,0.0086));
#2077=CARTESIAN_POINT('',(0.0319977424764651,0.0363110938417029,0.0025));
#2078=CARTESIAN_POINT('',(0.,0.,0.0086));
#2079=CARTESIAN_POINT('',(0.0271352445592223,0.0400752986549362,0.0086));
#2080=CARTESIAN_POINT('',(0.0271352445592223,0.0400752986549362,0.012));
#2081=CARTESIAN_POINT('',(0.0271352445592223,0.0400752986549362,0.0025));
#2082=CARTESIAN_POINT('',(0.,0.,0.0025));
#2083=CARTESIAN_POINT('',(0.,0.,0.005));
#2084=CARTESIAN_POINT('',(-0.0025,0.0483332293517735,0.005));
#2085=CARTESIAN_POINT('',(0.0025,0.0483332293517735,0.005));
#2086=CARTESIAN_POINT('',(-0.0025,0.0483332293517735,0.012));
#2087=CARTESIAN_POINT('',(-0.0025,0.0483332293517735,0.002));
#2088=CARTESIAN_POINT('',(0.,0.,0.002));
#2089=CARTESIAN_POINT('',(0.0025,0.0483332293517735,0.002));
#2090=CARTESIAN_POINT('',(0.0025,0.0483332293517735,0.012));
#2091=CARTESIAN_POINT('',(0.,0.,0.));
#2092=CARTESIAN_POINT('',(0.0483978414763627,0.,0.));
#2093=CARTESIAN_POINT('',(0.,0.,0.012));
#2094=CARTESIAN_POINT('',(0.0483978414763627,0.,0.012));
#2095=CARTESIAN_POINT('',(0.,0.,0.002));
#2096=CARTESIAN_POINT('',(-0.0483332293517735,-0.0025,0.002));
#2097=CARTESIAN_POINT('',(-0.0483332293517735,0.0025,0.002));
#2098=CARTESIAN_POINT('',(-0.0483332293517735,0.0025,0.012));
#2099=CARTESIAN_POINT('',(-0.0483332293517735,0.0025,0.005));
#2100=CARTESIAN_POINT('',(0.,0.,0.005));
#2101=CARTESIAN_POINT('',(-0.0483332293517735,-0.0025,0.005));
#2102=CARTESIAN_POINT('',(-0.0483332293517735,-0.0025,0.012));
#2103=CARTESIAN_POINT('',(0.0483332293517735,0.0025,0.012));
#2104=CARTESIAN_POINT('',(0.0483332293517735,0.0025,0.005));
#2105=CARTESIAN_POINT('',(0.0483332293517735,0.0025,0.002));
#2106=CARTESIAN_POINT('',(0.,0.,0.002));
#2107=CARTESIAN_POINT('',(0.0483332293517735,-0.0025,0.002));
#2108=CARTESIAN_POINT('',(0.0483332293517735,-0.0025,0.012));
#2109=CARTESIAN_POINT('',(0.0483332293517735,-0.0025,0.005));
#2110=CARTESIAN_POINT('',(0.,0.,0.005));
#2111=CARTESIAN_POINT('',(0.,0.,0.005));
#2112=CARTESIAN_POINT('',(0.0025,-0.0483332293517735,0.005));
#2113=CARTESIAN_POINT('',(-0.0025,-0.0483332293517735,0.005));
#2114=CARTESIAN_POINT('',(0.0025,-0.0483332293517735,0.012));
#2115=CARTESIAN_POINT('',(0.0025,-0.0483332293517735,0.002));
#2116=CARTESIAN_POINT('',(0.,0.,0.002));
#2117=CARTESIAN_POINT('',(-0.0025,-0.0483332293517735,0.002));
#2118=CARTESIAN_POINT('',(-0.0025,-0.0483332293517735,0.012));
#2119=CARTESIAN_POINT('',(0.,0.,0.0025));
#2120=CARTESIAN_POINT('',(0.0400752986549362,0.0271352445592223,0.0025));
#2121=CARTESIAN_POINT('',(0.036311093841703,0.031997742476465,0.0025));
#2122=CARTESIAN_POINT('',(0.0400752986549362,0.0271352445592223,0.012));
#2123=CARTESIAN_POINT('',(0.0400752986549362,0.0271352445592223,0.0086));
#2124=CARTESIAN_POINT('',(0.,0.,0.0086));
#2125=CARTESIAN_POINT('',(0.036311093841703,0.031997742476465,0.0086));
#2126=CARTESIAN_POINT('',(0.036311093841703,0.031997742476465,0.012));
#2127=CARTESIAN_POINT('',(0.,0.,0.002));
#2128=CARTESIAN_POINT('',(-0.0364894212043531,-0.0317942321772745,0.002));
#2129=CARTESIAN_POINT('',(-0.0317942321772745,-0.0364894212043532,0.002));
#2130=CARTESIAN_POINT('',(-0.0375748571921787,-0.0305037893803132,0.00368));
#2131=CARTESIAN_POINT('',(-0.0375748571921787,-0.0305037893803132,0.00323549755706564));
#2132=CARTESIAN_POINT('',(-0.037343851674934,-0.0307913364326311,0.00236552774702224));
#2133=CARTESIAN_POINT('',(-0.036781401608392,-0.0314591337893975,0.00200000000000001));
#2134=CARTESIAN_POINT('',(-0.0364894212043531,-0.0317942321772745,0.002));
#2135=CARTESIAN_POINT('',(-0.0375748571921787,-0.0305037893803132,0.00368));
#2136=CARTESIAN_POINT('',(-0.0375748571921787,-0.0305037893803132,0.012));
#2137=CARTESIAN_POINT('',(-0.0375748571921787,-0.0305037893803132,0.00532));
#2138=CARTESIAN_POINT('',(-0.0364894212043531,-0.0317942321772745,0.007));
#2139=CARTESIAN_POINT('',(-0.0367814230443487,-0.0314591091879023,0.00699999999999999));
#2140=CARTESIAN_POINT('',(-0.0373427731549202,-0.0307926368946059,0.00663612210427055));
#2141=CARTESIAN_POINT('',(-0.0375748571921787,-0.0305037893803132,0.00576452987475983));
#2142=CARTESIAN_POINT('',(-0.0375748571921787,-0.0305037893803132,0.00532));
#2143=CARTESIAN_POINT('',(-0.0364894212043531,-0.0317942321772745,0.007));
#2144=CARTESIAN_POINT('',(0.,0.,0.007));
#2145=CARTESIAN_POINT('',(-0.0317942321772745,-0.0364894212043532,0.007));
#2146=CARTESIAN_POINT('',(-0.0305037893803132,-0.0375748571921787,0.00532));
#2147=CARTESIAN_POINT('',(-0.0305037893803132,-0.0375748571921787,0.00576450244293435));
#2148=CARTESIAN_POINT('',(-0.030791336432631,-0.0373438516749341,0.00663447225297777));
#2149=CARTESIAN_POINT('',(-0.0314591337893975,-0.0367814016083921,0.007));
#2150=CARTESIAN_POINT('',(-0.0317942321772745,-0.0364894212043532,0.007));
#2151=CARTESIAN_POINT('',(-0.0305037893803132,-0.0375748571921787,0.00532));
#2152=CARTESIAN_POINT('',(-0.0305037893803132,-0.0375748571921787,0.012));
#2153=CARTESIAN_POINT('',(-0.0305037893803132,-0.0375748571921787,0.00368));
#2154=CARTESIAN_POINT('',(-0.0317942321772745,-0.0364894212043532,0.002));
#2155=CARTESIAN_POINT('',(-0.0314591091879022,-0.0367814230443487,0.002));
#2156=CARTESIAN_POINT('',(-0.0307926368946058,-0.0373427731549203,0.00236387789572943));
#2157=CARTESIAN_POINT('',(-0.0305037893803132,-0.0375748571921787,0.00323547012524017));
#2158=CARTESIAN_POINT('',(-0.0305037893803132,-0.0375748571921787,0.00368));
#2159=CARTESIAN_POINT('',(0.,0.,0.002));
#2160=CARTESIAN_POINT('',(-0.0188923658426572,-0.0141971768155785,0.002));
#2161=CARTESIAN_POINT('',(-0.0141971768155785,-0.0188923658426572,0.002));
#2162=CARTESIAN_POINT('',(-0.0025,0.,0.002));
#2163=CARTESIAN_POINT('',(0.0025,0.,0.002));
#2164=CARTESIAN_POINT('',(0.,-0.0025,0.002));
#2165=CARTESIAN_POINT('',(0.,0.0025,0.002));
#2166=CARTESIAN_POINT('',(0.0381579307838913,0.0223894495634312,0.002));
#2167=CARTESIAN_POINT('',(0.034260484176262,0.0184920029558019,0.002));
#2168=CARTESIAN_POINT('',(0.0245762590940986,0.0281762280379654,0.002));
#2169=CARTESIAN_POINT('',(0.018492002955802,0.034260484176262,0.002));
#2170=CARTESIAN_POINT('',(0.0223894495634312,0.0381579307838912,0.002));
#2171=CARTESIAN_POINT('',(0.0025,0.,0.002));
#2172=CARTESIAN_POINT('',(-0.0025,0.,0.002));
#2173=CARTESIAN_POINT('',(0.,0.0025,0.002));
#2174=CARTESIAN_POINT('',(0.,-0.0025,0.002));
#2175=CARTESIAN_POINT('',(8.67361737988404E-19,-0.0025,-0.0025));
#2176=CARTESIAN_POINT('',(0.0055,-0.0025,-0.001));
#2177=CARTESIAN_POINT('',(0.0055,-0.0025,-0.0025));
#2178=CARTESIAN_POINT('',(0.0055,-0.0025,0.));
#2179=CARTESIAN_POINT('',(8.67361737988404E-19,-0.0025,-0.0025));
#2180=CARTESIAN_POINT('',(0.007,-0.0025,-0.0025));
#2181=CARTESIAN_POINT('',(0.007,-0.0025,-0.0025));
#2182=CARTESIAN_POINT('',(0.007,-0.0025,0.));
#2183=CARTESIAN_POINT('',(8.67361737988404E-19,-0.0025,0.));
#2184=CARTESIAN_POINT('',(8.67361737988404E-19,-0.0025,-0.0025));
#2185=CARTESIAN_POINT('',(8.67361737988404E-19,-0.0025,-0.0025));
#2186=CARTESIAN_POINT('',(-0.0035,-0.0025,-0.0025));
#2187=CARTESIAN_POINT('',(0.0035,-0.0025,-0.0025));
#2188=CARTESIAN_POINT('',(0.0035,-0.0025,-0.001));
#2189=CARTESIAN_POINT('',(0.0035,-0.0025,0.));
#2190=CARTESIAN_POINT('',(8.67361737988404E-19,-0.0025,0.));
#2191=CARTESIAN_POINT('',(-0.0035,-0.0025,0.));
#2192=CARTESIAN_POINT('',(-0.0035,-0.0025,-0.001));
#2193=CARTESIAN_POINT('',(-0.0045,-0.0025,-0.002));
#2194=CARTESIAN_POINT('',(-0.0055,-0.0025,-0.002));
#2195=CARTESIAN_POINT('',(-0.0055,-0.0015,-0.002));
#2196=CARTESIAN_POINT('',(-0.0055,-0.0005,-0.002));
#2197=CARTESIAN_POINT('',(-0.0045,-0.0015,-0.002));
#2198=CARTESIAN_POINT('',(-0.0035,-0.0015,-0.002));
#2199=CARTESIAN_POINT('',(-0.0035,-0.0025,-0.002));
#2200=CARTESIAN_POINT('',(-0.0035,-0.0005,-0.002));
#2201=CARTESIAN_POINT('',(-0.0045,-0.0005,-0.002));
#2202=CARTESIAN_POINT('',(0.0045,-0.0025,-0.002));
#2203=CARTESIAN_POINT('',(0.0035,-0.0025,-0.002));
#2204=CARTESIAN_POINT('',(0.0035,-0.0015,-0.002));
#2205=CARTESIAN_POINT('',(0.0035,-0.0005,-0.002));
#2206=CARTESIAN_POINT('',(0.0045,-0.0015,-0.002));
#2207=CARTESIAN_POINT('',(0.0055,-0.0015,-0.002));
#2208=CARTESIAN_POINT('',(0.0055,-0.0025,-0.002));
#2209=CARTESIAN_POINT('',(0.0055,-0.0005,-0.002));
#2210=CARTESIAN_POINT('',(0.0045,-0.0005,-0.002));
#2211=CARTESIAN_POINT('',(0.,0.,-0.0025));
#2212=CARTESIAN_POINT('',(0.0055,-0.0025,-0.0025));
#2213=CARTESIAN_POINT('',(0.0055,-0.0015,-0.0025));
#2214=CARTESIAN_POINT('',(-8.67361737988404E-19,-0.0015,-0.0025));
#2215=CARTESIAN_POINT('',(0.0035,-0.0015,-0.0025));
#2216=CARTESIAN_POINT('',(0.0035,-0.0025,-0.0025));
#2217=CARTESIAN_POINT('',(-0.0035,-0.0025,-0.0025));
#2218=CARTESIAN_POINT('',(-0.0035,-0.0015,-0.0025));
#2219=CARTESIAN_POINT('',(-8.67361737988404E-19,-0.0015,-0.0025));
#2220=CARTESIAN_POINT('',(-0.0055,-0.0015,-0.0025));
#2221=CARTESIAN_POINT('',(-0.0055,-0.0025,-0.0025));
#2222=CARTESIAN_POINT('',(-0.0055,-0.0025,-0.0025));
#2223=CARTESIAN_POINT('',(8.67361737988404E-19,-0.0025,-0.0025));
#2224=CARTESIAN_POINT('',(-0.007,-0.0025,-0.0025));
#2225=CARTESIAN_POINT('',(-0.007,4.33680868994202E-19,-0.0025));
#2226=CARTESIAN_POINT('',(-0.007,-0.0005,-0.0025));
#2227=CARTESIAN_POINT('',(-0.018,-0.000500000000000008,-0.0025));
#2228=CARTESIAN_POINT('',(0.007,-0.0005,-0.0025));
#2229=CARTESIAN_POINT('',(0.007,4.33680868994202E-19,-0.0025));
#2230=CARTESIAN_POINT('',(-8.67361737988404E-19,0.0025,-0.0025));
#2231=CARTESIAN_POINT('',(-8.67361737988404E-19,0.0025,-0.0025));
#2232=CARTESIAN_POINT('',(-0.0035,0.0025,-0.0025));
#2233=CARTESIAN_POINT('',(0.0035,0.0025,-0.0025));
#2234=CARTESIAN_POINT('',(-0.0035,0.0025,-0.001));
#2235=CARTESIAN_POINT('',(-0.0035,0.0025,0.));
#2236=CARTESIAN_POINT('',(-8.67361737988404E-19,0.0025,0.));
#2237=CARTESIAN_POINT('',(0.0035,0.0025,0.));
#2238=CARTESIAN_POINT('',(0.0035,0.0025,-0.001));
#2239=CARTESIAN_POINT('',(-8.67361737988404E-19,0.0025,-0.0025));
#2240=CARTESIAN_POINT('',(-8.67361737988404E-19,0.0025,-0.0025));
#2241=CARTESIAN_POINT('',(0.0055,0.0025,-0.0025));
#2242=CARTESIAN_POINT('',(0.007,0.0025,-0.0025));
#2243=CARTESIAN_POINT('',(0.0055,0.0025,-0.001));
#2244=CARTESIAN_POINT('',(0.0055,0.0025,0.));
#2245=CARTESIAN_POINT('',(-8.67361737988404E-19,0.0025,0.));
#2246=CARTESIAN_POINT('',(0.007,0.0025,0.));
#2247=CARTESIAN_POINT('',(0.007,0.0025,-0.0025));
#2248=CARTESIAN_POINT('',(0.,0.,-0.0025));
#2249=CARTESIAN_POINT('',(-8.67361737988404E-19,0.0015,-0.0025));
#2250=CARTESIAN_POINT('',(-0.0055,0.0015,-0.0025));
#2251=CARTESIAN_POINT('',(-0.0035,0.0015,-0.0025));
#2252=CARTESIAN_POINT('',(-0.0035,0.0015,-0.0025));
#2253=CARTESIAN_POINT('',(0.0035,0.0015,-0.0025));
#2254=CARTESIAN_POINT('',(0.0035,0.0015,-0.0025));
#2255=CARTESIAN_POINT('',(-8.67361737988404E-19,0.0015,-0.0025));
#2256=CARTESIAN_POINT('',(0.0055,0.0015,-0.0025));
#2257=CARTESIAN_POINT('',(0.0055,0.0015,-0.0025));
#2258=CARTESIAN_POINT('',(0.007,4.33680868994202E-19,-0.0025));
#2259=CARTESIAN_POINT('',(0.007,0.0005,-0.0025));
#2260=CARTESIAN_POINT('',(-0.018,0.000499999999999992,-0.0025));
#2261=CARTESIAN_POINT('',(-0.007,0.0005,-0.0025));
#2262=CARTESIAN_POINT('',(-0.007,4.33680868994202E-19,-0.0025));
#2263=CARTESIAN_POINT('',(-0.007,0.0025,-0.0025));
#2264=CARTESIAN_POINT('',(-8.67361737988404E-19,0.0025,-0.0025));
#2265=CARTESIAN_POINT('',(-0.0055,0.0025,-0.0025));
#2266=CARTESIAN_POINT('',(-0.0055,0.0015,-0.0025));
#2267=CARTESIAN_POINT('',(-8.67361737988404E-19,0.0025,-0.0025));
#2268=CARTESIAN_POINT('',(-0.0055,0.0025,-0.001));
#2269=CARTESIAN_POINT('',(-0.0055,0.0025,0.));
#2270=CARTESIAN_POINT('',(-0.007,0.0025,-0.0025));
#2271=CARTESIAN_POINT('',(-0.007,0.0025,0.));
#2272=CARTESIAN_POINT('',(-8.67361737988404E-19,0.0025,0.));
#2273=CARTESIAN_POINT('',(0.,0.,0.012));
#2274=CARTESIAN_POINT('',(0.,0.,0.));
#2275=CARTESIAN_POINT('',(-0.007,4.33680868994202E-19,0.));
#2276=CARTESIAN_POINT('',(-0.007,-0.0025,0.));
#2277=CARTESIAN_POINT('',(8.67361737988404E-19,-0.0025,0.));
#2278=CARTESIAN_POINT('',(-0.0055,-0.0025,0.));
#2279=CARTESIAN_POINT('',(-0.0055,-0.0025,0.));
#2280=CARTESIAN_POINT('',(-0.0055,-0.0005,0.));
#2281=CARTESIAN_POINT('',(-8.67361737988404E-19,-0.0005,0.));
#2282=CARTESIAN_POINT('',(-0.0035,-0.0005,0.));
#2283=CARTESIAN_POINT('',(-0.0035,-0.0025,0.));
#2284=CARTESIAN_POINT('',(0.0035,-0.0025,0.));
#2285=CARTESIAN_POINT('',(0.0035,-0.0005,0.));
#2286=CARTESIAN_POINT('',(-8.67361737988404E-19,-0.0005,0.));
#2287=CARTESIAN_POINT('',(0.0055,-0.0005,0.));
#2288=CARTESIAN_POINT('',(0.0055,-0.0025,0.));
#2289=CARTESIAN_POINT('',(0.007,4.33680868994202E-19,0.));
#2290=CARTESIAN_POINT('',(0.0055,0.0005,0.));
#2291=CARTESIAN_POINT('',(0.0055,0.0005,0.));
#2292=CARTESIAN_POINT('',(-8.67361737988404E-19,0.0005,0.));
#2293=CARTESIAN_POINT('',(0.0035,0.0005,0.));
#2294=CARTESIAN_POINT('',(0.0035,0.0005,0.));
#2295=CARTESIAN_POINT('',(-0.0035,0.0005,0.));
#2296=CARTESIAN_POINT('',(-0.0035,0.0005,0.));
#2297=CARTESIAN_POINT('',(-8.67361737988404E-19,0.0005,0.));
#2298=CARTESIAN_POINT('',(-0.0055,0.0005,0.));
#2299=CARTESIAN_POINT('',(-0.0055,0.0005,0.));
#2300=CARTESIAN_POINT('',(0.,0.,0.002));
#2301=CARTESIAN_POINT('',(0.0238036631258044,0.0367437172215181,0.002));
#2302=CARTESIAN_POINT('',(0.0213204300805482,0.034260484176262,0.002));
#2303=CARTESIAN_POINT('',(0.0259904726564718,0.0295904416003385,0.002));
#2304=CARTESIAN_POINT('',(0.034260484176262,0.0213204300805481,0.002));
#2305=CARTESIAN_POINT('',(0.0367437172215181,0.0238036631258043,0.002));
#2306=CARTESIAN_POINT('',(0.,0.,0.005));
#2307=CARTESIAN_POINT('',(0.,0.0025,0.005));
#2308=CARTESIAN_POINT('',(0.,-0.0025,0.005));
#2309=CARTESIAN_POINT('',(0.,-0.0025,0.002));
#2310=CARTESIAN_POINT('',(0.,0.0025,0.002));
#2311=CARTESIAN_POINT('',(0.,0.,0.005));
#2312=CARTESIAN_POINT('',(0.,-0.0025,0.005));
#2313=CARTESIAN_POINT('',(0.,0.0025,0.005));
#2314=CARTESIAN_POINT('',(0.,0.0025,0.002));
#2315=CARTESIAN_POINT('',(0.,-0.0025,0.002));
#2316=CARTESIAN_POINT('',(0.,0.,0.005));
#2317=CARTESIAN_POINT('',(-0.0025,0.,0.005));
#2318=CARTESIAN_POINT('',(0.0025,0.,0.005));
#2319=CARTESIAN_POINT('',(0.0025,0.,0.005));
#2320=CARTESIAN_POINT('',(-0.0025,0.,0.005));
#2321=CARTESIAN_POINT('',(0.,0.,0.005));
#2322=CARTESIAN_POINT('',(0.0025,0.,0.005));
#2323=CARTESIAN_POINT('',(-0.0025,0.,0.005));
#2324=CARTESIAN_POINT('',(-0.0025,0.,0.005));
#2325=CARTESIAN_POINT('',(0.0025,0.,0.005));
#2326=CARTESIAN_POINT('',(0.0208581226943558,0.0122314199638799,0.0025));
#2327=CARTESIAN_POINT('',(0.0187014470117369,0.0143880956464989,0.0025));
#2328=CARTESIAN_POINT('',(0.0230147983769748,0.0100747442812609,0.0025));
#2329=CARTESIAN_POINT('',(0.0187014470117369,0.0143880956464989,0.00555));
#2330=CARTESIAN_POINT('',(0.0187014470117369,0.0143880956464989,0.0086));
#2331=CARTESIAN_POINT('',(0.0208581226943558,0.0122314199638799,0.0086));
#2332=CARTESIAN_POINT('',(0.0230147983769748,0.0100747442812609,0.0086));
#2333=CARTESIAN_POINT('',(0.0230147983769748,0.0100747442812609,0.00555));
#2334=CARTESIAN_POINT('',(0.034260484176262,0.0213204300805481,0.0085));
#2335=CARTESIAN_POINT('',(0.034260484176262,0.0213204300805481,0.0085));
#2336=CARTESIAN_POINT('',(0.0367437172215181,0.0238036631258043,0.0085));
#2337=CARTESIAN_POINT('',(0.0143880956464989,0.0187014470117368,0.00555));
#2338=CARTESIAN_POINT('',(0.0143880956464989,0.0187014470117368,0.0025));
#2339=CARTESIAN_POINT('',(0.0143880956464989,0.0187014470117368,0.0086));
#2340=CARTESIAN_POINT('',(0.0122314199638799,0.0208581226943558,0.0025));
#2341=CARTESIAN_POINT('',(0.010074744281261,0.0230147983769747,0.0025));
#2342=CARTESIAN_POINT('',(0.010074744281261,0.0230147983769747,0.00555));
#2343=CARTESIAN_POINT('',(0.010074744281261,0.0230147983769747,0.0086));
#2344=CARTESIAN_POINT('',(0.0238036631258044,0.0367437172215181,0.0085));
#2345=CARTESIAN_POINT('',(0.0213204300805482,0.034260484176262,0.0085));
#2346=CARTESIAN_POINT('',(0.0213204300805482,0.034260484176262,0.0085));
#2347=CARTESIAN_POINT('',(0.0122314199638799,0.0208581226943558,0.0086));
#2348=CARTESIAN_POINT('',(8.67361737988404E-19,-0.0025,-0.0025));
#2349=CARTESIAN_POINT('',(-0.0055,-0.0025,-0.001));
#2350=CARTESIAN_POINT('',(-0.007,-0.0025,-0.0025));
#2351=CARTESIAN_POINT('',(-0.007,4.33680868994202E-19,-0.0025));
#2352=CARTESIAN_POINT('',(-0.007,-4.42354486374086E-18,-0.0025));
#2353=CARTESIAN_POINT('',(0.007,4.33680868994202E-19,-0.0025));
#2354=CARTESIAN_POINT('',(0.007,4.33680868994202E-19,-0.0025));
#2355=CARTESIAN_POINT('',(-0.018,-8.23993651088984E-18,-0.0025));
#2356=CARTESIAN_POINT('',(-0.0045,0.0005,-0.002));
#2357=CARTESIAN_POINT('',(-0.0045,0.0015,-0.002));
#2358=CARTESIAN_POINT('',(-0.0055,0.0015,-0.002));
#2359=CARTESIAN_POINT('',(-0.0035,0.0015,-0.002));
#2360=CARTESIAN_POINT('',(-0.0055,0.0005,-0.002));
#2361=CARTESIAN_POINT('',(-0.0055,0.0005,-0.002));
#2362=CARTESIAN_POINT('',(-0.0045,0.0005,-0.002));
#2363=CARTESIAN_POINT('',(-0.0035,0.0005,-0.002));
#2364=CARTESIAN_POINT('',(-0.0035,0.0005,-0.002));
#2365=CARTESIAN_POINT('',(-0.0055,0.0005,-0.001));
#2366=CARTESIAN_POINT('',(-0.0055,0.0005,-0.001));
#2367=CARTESIAN_POINT('',(-0.0055,0.0015,-0.00225));
#2368=CARTESIAN_POINT('',(-0.0035,0.0005,-0.001));
#2369=CARTESIAN_POINT('',(-0.0035,0.0015,-0.00225));
#2370=CARTESIAN_POINT('',(-0.0035,0.0005,-0.001));
#2371=CARTESIAN_POINT('',(-1.7347234759768E-18,0.0005,-0.00125));
#2372=CARTESIAN_POINT('',(0.0045,0.0005,-0.002));
#2373=CARTESIAN_POINT('',(0.0045,0.0015,-0.002));
#2374=CARTESIAN_POINT('',(0.0035,0.0015,-0.002));
#2375=CARTESIAN_POINT('',(0.0055,0.0015,-0.002));
#2376=CARTESIAN_POINT('',(0.0035,0.0005,-0.002));
#2377=CARTESIAN_POINT('',(0.0035,0.0005,-0.002));
#2378=CARTESIAN_POINT('',(0.0045,0.0005,-0.002));
#2379=CARTESIAN_POINT('',(0.0055,0.0005,-0.002));
#2380=CARTESIAN_POINT('',(0.0055,0.0005,-0.002));
#2381=CARTESIAN_POINT('',(0.0035,0.0005,-0.001));
#2382=CARTESIAN_POINT('',(0.0035,0.0005,-0.001));
#2383=CARTESIAN_POINT('',(0.0035,0.0015,-0.00225));
#2384=CARTESIAN_POINT('',(0.0055,0.0005,-0.001));
#2385=CARTESIAN_POINT('',(0.0055,0.0015,-0.00225));
#2386=CARTESIAN_POINT('',(0.0055,0.0005,-0.001));
#2387=CARTESIAN_POINT('',(-1.7347234759768E-18,0.0005,-0.00125));
#2388=CARTESIAN_POINT('',(-0.0055,-0.0025,-0.001));
#2389=CARTESIAN_POINT('',(-0.0055,-0.0005,-0.001));
#2390=CARTESIAN_POINT('',(-0.0055,-0.0015,-0.00225));
#2391=CARTESIAN_POINT('',(-0.0035,-0.0025,-0.001));
#2392=CARTESIAN_POINT('',(-0.0035,-0.0005,-0.001));
#2393=CARTESIAN_POINT('',(-0.0035,-0.0015,-0.00225));
#2394=CARTESIAN_POINT('',(-1.7347234759768E-18,-0.0005,-0.00125));
#2395=CARTESIAN_POINT('',(0.0035,-0.0025,-0.001));
#2396=CARTESIAN_POINT('',(0.0035,-0.0005,-0.001));
#2397=CARTESIAN_POINT('',(0.0035,-0.0015,-0.00225));
#2398=CARTESIAN_POINT('',(0.0055,-0.0025,-0.001));
#2399=CARTESIAN_POINT('',(0.0055,-0.0005,-0.001));
#2400=CARTESIAN_POINT('',(0.0055,-0.0015,-0.00225));
#2401=CARTESIAN_POINT('',(-1.7347234759768E-18,-0.0005,-0.00125));
#2402=CARTESIAN_POINT('',(-1.7347234759768E-18,0.0015,-0.00125));
#2403=CARTESIAN_POINT('',(-1.7347234759768E-18,0.0015,-0.00125));
#2404=CARTESIAN_POINT('',(-1.7347234759768E-18,-0.0015,-0.00125));
#2405=CARTESIAN_POINT('',(-1.7347234759768E-18,-0.0015,-0.00125));
#2406=CARTESIAN_POINT('',(0.0259904726564718,0.0295904416003385,0.0085));
#2407=CARTESIAN_POINT('',(0.0259904726564718,0.0295904416003385,0.0085));
#2408=CARTESIAN_POINT('',(0.0223894495634312,0.0381579307838912,0.0085));
#2409=CARTESIAN_POINT('',(0.018492002955802,0.034260484176262,0.0085));
#2410=CARTESIAN_POINT('',(0.018492002955802,0.034260484176262,0.0085));
#2411=CARTESIAN_POINT('',(0.0223894495634312,0.0381579307838912,0.0085));
#2412=CARTESIAN_POINT('',(0.0245762590940986,0.0281762280379654,0.0085));
#2413=CARTESIAN_POINT('',(0.034260484176262,0.0184920029558019,0.0085));
#2414=CARTESIAN_POINT('',(0.034260484176262,0.0184920029558019,0.0085));
#2415=CARTESIAN_POINT('',(0.0245762590940986,0.0281762280379654,0.0085));
#2416=CARTESIAN_POINT('',(0.0381579307838913,0.0223894495634312,0.0085));
#2417=CARTESIAN_POINT('',(0.0381579307838913,0.0223894495634312,0.0085));
#2418=CARTESIAN_POINT('',(0.,0.,0.0085));
#2419=CARTESIAN_POINT('',(-0.0200803052350506,-0.0130092374231851,0.0045));
#2420=CARTESIAN_POINT('',(-0.0200803052350506,-0.0130092374231851,0.00532));
#2421=CARTESIAN_POINT('',(-0.0200803052350506,-0.0130092374231851,0.00368));
#2422=CARTESIAN_POINT('',(-0.0188923658426572,-0.0141971768155785,0.00532));
#2423=CARTESIAN_POINT('',(-0.0188923658426572,-0.0141971768155785,0.007));
#2424=CARTESIAN_POINT('',(-0.0165447713291178,-0.0165447713291179,0.007));
#2425=CARTESIAN_POINT('',(-0.0141971768155785,-0.0188923658426572,0.007));
#2426=CARTESIAN_POINT('',(-0.0141971768155785,-0.0188923658426572,0.00532));
#2427=CARTESIAN_POINT('',(-0.0130092374231851,-0.0200803052350506,0.00532));
#2428=CARTESIAN_POINT('',(-0.0130092374231851,-0.0200803052350506,0.0045));
#2429=CARTESIAN_POINT('',(-0.0130092374231851,-0.0200803052350506,0.00368));
#2430=CARTESIAN_POINT('',(-0.0141971768155785,-0.0188923658426572,0.00368));
#2431=CARTESIAN_POINT('',(-0.0188923658426572,-0.0141971768155785,0.00368));
#2432=MECHANICAL_DESIGN_GEOMETRIC_PRESENTATION_REPRESENTATION('',(#1474),
#2433);
#2433=(
GEOMETRIC_REPRESENTATION_CONTEXT(3)
GLOBAL_UNCERTAINTY_ASSIGNED_CONTEXT((#2434))
GLOBAL_UNIT_ASSIGNED_CONTEXT((#2437,#2436,#2435))
REPRESENTATION_CONTEXT('Part 1','TOP_LEVEL_ASSEMBLY_PART')
);
#2434=UNCERTAINTY_MEASURE_WITH_UNIT(LENGTH_MEASURE(2.E-5),#2437,
'DISTANCE_ACCURACY_VALUE','Maximum Tolerance applied to model');
#2435=(
NAMED_UNIT(*)
SI_UNIT($,.STERADIAN.)
SOLID_ANGLE_UNIT()
);
#2436=(
NAMED_UNIT(*)
PLANE_ANGLE_UNIT()
SI_UNIT($,.RADIAN.)
);
#2437=(
LENGTH_UNIT()
NAMED_UNIT(*)
SI_UNIT($,.METRE.)
);
#2438=PRODUCT_DEFINITION_SHAPE('','',#2439);
#2439=PRODUCT_DEFINITION('','',#2441,#2440);
#2440=PRODUCT_DEFINITION_CONTEXT('',#2447,'design');
#2441=PRODUCT_DEFINITION_FORMATION_WITH_SPECIFIED_SOURCE('','',#2443,
 .NOT_KNOWN.);
#2442=PRODUCT_RELATED_PRODUCT_CATEGORY('','',(#2443));
#2443=PRODUCT('Part 1','Part 1','Part 1',(#2445));
#2444=PRODUCT_CATEGORY('','');
#2445=PRODUCT_CONTEXT('',#2447,'mechanical');
#2446=APPLICATION_PROTOCOL_DEFINITION('international standard',
'ap242_managed_model_based_3d_engineering',2020,#2447);
#2447=APPLICATION_CONTEXT('managed model based 3d engineering');
ENDSEC;
END-ISO-10303-21;
